{"klaster": 2, "silhouette": 0.023903499097140984, "w": 2, "max_iterasi": 100, "threshold": 0.1, "partition_coefficient": [0.7749194799160577, 0.538354261182327, 0.5150733463805793], "partition_entropy": [0.5057237484150351, 0.9431503652343588, 0.977982237328666], "features": ["sebut", "nama", "allah", "maha", "murah", "sayang", "puji", "tuhan", "semesta", "alam", "kuasa", "balas", "engkau", "sembah", "tolong", "tunjuk", "jalan", "lurus", "orang", "nikmat", "murka", "sesat"], "tf": [[1, 0, 0, 0, 0, 0, 0], [1, 0, 0, 0, 0, 0, 0], [1, 1, 0, 0, 0, 0, 0], [2, 0, 2, 0, 0, 0, 0], [1, 0, 1, 0, 0, 0, 0], [1, 0, 1, 0, 0, 0, 0], [0, 1, 0, 0, 0, 0, 0], [0, 1, 0, 0, 0, 0, 0], [0, 1, 0, 0, 0, 0, 0], [0, 1, 0, 0, 0, 0, 0], [0, 0, 0, 1, 0, 0, 0], [0, 0, 0, 1, 0, 0, 0], [0, 0, 0, 0, 2, 0, 1], [0, 0, 0, 0, 1, 0, 0], [0, 0, 0, 0, 1, 0, 0], [0, 0, 0, 0, 0, 1, 0], [0, 0, 0, 0, 0, 1, 3], [0, 0, 0, 0, 0, 1, 0], [0, 0, 0, 0, 0, 0, 2], [0, 0, 0, 0, 0, 0, 1], [0, 0, 0, 0, 0, 0, 1], [0, 0, 0, 0, 0, 0, 1]], "idf": [0.8450980400142568, 0.8450980400142568, 0.5440680443502757, 0.5440680443502757, 0.5440680443502757, 0.5440680443502757, 0.8450980400142568, 0.8450980400142568, 0.8450980400142568, 0.8450980400142568, 0.8450980400142568, 0.8450980400142568, 0.5440680443502757, 0.8450980400142568, 0.8450980400142568, 0.8450980400142568, 0.5440680443502757, 0.8450980400142568, 0.8450980400142568, 0.8450980400142568, 0.8450980400142568, 0.8450980400142568], "tfidf": [[0.8450980400142568, 0, 0, 0, 0, 0, 0], [0.8450980400142568, 0, 0, 0, 0, 0, 0], [0.5440680443502757, 0.5440680443502757, 0, 0, 0, 0, 0], [0.7078488453819499, 0, 0.7078488453819499, 0, 0, 0, 0], [0.5440680443502757, 0, 0.5440680443502757, 0, 0, 0, 0], [0.5440680443502757, 0, 0.5440680443502757, 0, 0, 0, 0], [0, 0.8450980400142568, 0, 0, 0, 0, 0], [0, 0.8450980400142568, 0, 0, 0, 0, 0], [0, 0.8450980400142568, 0, 0, 0, 0, 0], [0, 0.8450980400142568, 0, 0, 0, 0, 0], [0, 0, 0, 0.8450980400142568, 0, 0, 0], [0, 0, 0, 0.8450980400142568, 0, 0, 0], [0, 0, 0, 0, 0.7078488453819499, 0, 0.5440680443502757], [0, 0, 0, 0, 0.8450980400142568, 0, 0], [0, 0, 0, 0, 0.8450980400142568, 0, 0], [0, 0, 0, 0, 0, 0.8450980400142568, 0], [0, 0, 0, 0, 0, 0.5440680443502757, 0.8036544723235521], [0, 0, 0, 0, 0, 0.8450980400142568, 0], [0, 0, 0, 0, 0, 0, 1.0994978993353877], [0, 0, 0, 0, 0, 0, 0.8450980400142568], [0, 0, 0, 0, 0, 0, 0.8450980400142568], [0, 0, 0, 0, 0, 0, 0.8450980400142568]], "tfidf_norm": [[0.5034752194826289, 0.5034752194826289, 0.32413372777212757, 0.4217077024379212, 0.32413372777212757, 0.32413372777212757, 0.0, 0.0, 0.0, 0.0, 0.0, 0.0, 0.0, 0.0, 0.0, 0.0, 0.0, 0.0, 0.0, 0.0, 0.0, 0.0], [0.0, 0.0, 0.306412782904838, 0.0, 0.0, 0.0, 0.47594936875483734, 0.47594936875483734, 0.47594936875483734, 0.47594936875483734, 0.0, 0.0, 0.0, 0.0, 0.0, 0.0, 0.0, 0.0, 0.0, 0.0, 0.0, 0.0], [0.0, 0.0, 0.0, 0.6770434302818068, 0.5203903311516483, 0.5203903311516483, 0.0, 0.0, 0.0, 0.0, 0.0, 0.0, 0.0, 0.0, 0.0, 0.0, 0.0, 0.0, 0.0, 0.0, 0.0, 0.0], [0.0, 0.0, 0.0, 0.0, 0.0, 0.0, 0.0, 0.0, 0.0, 0.0, 0.7071067811865475, 0.7071067811865475, 0.0, 0.0, 0.0, 0.0, 0.0, 0.0, 0.0, 0.0, 0.0, 0.0], [0.0, 0.0, 0.0, 0.0, 0.0, 0.0, 0.0, 0.0, 0.0, 0.0, 0.0, 0.0, 0.5095958222803967, 0.6084045109605805, 0.6084045109605805, 0.0, 0.0, 0.0, 0.0, 0.0, 0.0, 0.0], [0.0, 0.0, 0.0, 0.0, 0.0, 0.0, 0.0, 0.0, 0.0, 0.0, 0.0, 0.0, 0.0, 0.0, 0.0, 0.6435601828481475, 0.41431942038108455, 0.6435601828481475, 0.0, 0.0, 0.0, 0.0], [0.0, 0.0, 0.0, 0.0, 0.0, 0.0, 0.0, 0.0, 0.0, 0.0, 0.0, 0.0, 0.2625763848534279, 0.0, 0.0, 0.0, 0.38785715905444834, 0.0, 0.5306361705293525, 0.40785852155433366, 0.40785852155433366, 0.40785852155433366]], "v": [[[0.11296477261118083, 0.11296477261118083, 0.07998917964200151, 0.09461860600560415, 0.0727259220163602, 0.0727259220163602, 0.011282000636694657, 0.011282000636694657, 0.011282000636694657, 0.011282000636694657, 0.32117020266084123, 0.32117020266084123, 0.0039821011991763074, 1.3729909906531284e-05, 1.3729909906531284e-05, 0.1818560610887757, 0.12294268440679822, 0.1818560610887757, 0.008024120562515459, 0.006167513884582151, 0.006167513884582151, 0.006167513884582151], [0.016581764934830916, 0.016581764934830916, 0.06503911598735629, 0.208792181153334, 0.1604822193563468, 0.1604822193563468, 0.08444315284142455, 0.08444315284142455, 0.08444315284142455, 0.08444315284142455, 0.0006931988579836624, 0.0006931988579836624, 0.1966918404065534, 0.1729039264749562, 0.1729039264749562, 0.01226675493774777, 0.08451344601911942, 0.01226675493774777, 0.10482035619212424, 0.08056720947362105, 0.08056720947362105, 0.08056720947362105]], [[0.06614987818033351, 0.06614987818033351, 0.07392553129208619, 0.11190596154917923, 0.08601336012400543, 0.08601336012400543, 0.04867826188542111, 0.04867826188542111, 0.04867826188542111, 0.04867826188542111, 0.2278368080086441, 0.2278368080086441, 0.05470765166377145, 0.037301680235883455, 0.037301680235883455, 0.13515159360027534, 0.12166879335861462, 0.13515159360027534, 0.04741799435372331, 0.03644650354853927, 0.03644650354853927, 0.03644650354853927], [0.0676339041109332, 0.0676339041109332, 0.09397691169253347, 0.1842424014683569, 0.1416127238283455, 0.1416127238283455, 0.07833993997468239, 0.07833993997468239, 0.07833993997468239, 0.07833993997468239, 0.022422114737597892, 0.022422114737597892, 0.16093980514762185, 0.13555379118024088, 0.13555379118024088, 0.049926969265731216, 0.10215934640904496, 0.049926969265731216, 0.09579146496065241, 0.07362740696210097, 0.07362740696210097, 0.07362740696210097]], [[0.05899027565385388, 0.05899027565385388, 0.07633447017384702, 0.12215208234926539, 0.09388875180154861, 0.09388875180154861, 0.0595796565436576, 0.0595796565436576, 0.0595796565436576, 0.0595796565436576, 0.1814528543954508, 0.1814528543954508, 0.07805177733355163, 0.057071486557045886, 0.057071486557045886, 0.11879667459258221, 0.12116196927517742, 0.11879667459258221, 0.06112980571088405, 0.046985700494696456, 0.046985700494696456, 0.046985700494696456], [0.08120116304440361, 0.08120116304440361, 0.09899354617219182, 0.18497284736292638, 0.1421741604570196, 0.1421741604570196, 0.07256499306955407, 0.07256499306955407, 0.07256499306955407, 0.07256499306955407, 0.041670611897228794, 0.041670611897228794, 0.14000026498143828, 0.11588156899974061, 0.11588156899974061, 0.06472791129231481, 0.10509686184986386, 0.06472791129231481, 0.08677386110574714, 0.06669628017412625, 0.06669628017412625, 0.06669628017412625]]], "d": [[[0.9414163126771898, 0.8972535341290148], [1.1170213490681946, 0.9504772823832364], [1.029664080889908, 0.8049929748254572], [0.6567395863897266, 1.1237568052087268], [1.1556909013966574, 0.8022102119079544], [0.8773237908578106, 1.0785088388904507], [1.1039226283305814, 0.8874319029261089]], [[0.9116648348383658, 0.8276299671452471], [0.99374421322043, 0.930173113360682], [0.9421282529446121, 0.8227055674746562], [0.757468357883877, 1.0759558156430353], [1.0352016699298718, 0.8527517680561533], [0.8771806518263356, 1.0039536814384513], [0.977524686602319, 0.880623391807008]], [[0.8934305914351472, 0.8005455648340764], [0.9579269390696035, 0.9337866049280862], [0.911273400569601, 0.8139457996131607], [0.8234274464798256, 1.0445377023611622], [0.986315880474097, 0.8855635059536507], [0.8860294479283063, 0.9773478056307143], [0.9361764103969368, 0.8936263520848771]]], "u_awal": [[0.661835613743239, 0.33816438625676104], [0.21511978203272972, 0.7848802179672703], [0.00022336624185763867, 0.9997766337581424], [0.9416571071735054, 0.058342892826494554], [0.006637511672481591, 0.9933624883275184], [0.7427402743292524, 0.25725972567074756], [0.17181772503101178, 0.8281822749689883]],