{"klaster": 2, "silhouette": 0.0304728007931344, "w": 2, "max_iterasi": 100, "threshold": 0.1, "partition_coefficient": [0.6784985309979237, 0.5313307594728661, 0.5120689290713633], "partition_entropy": [0.6996682192714528, 0.9538473972532461, 0.9824577505212448], "features": ["dengan", "sebut", "nama", "allah", "yang", "maha", "murah", "lagi", "sayang", "segala", "puji", "bagi", "tuhan", "semesta", "alam", "kuasa", "di", "hari", "balas", "hanya", "engkau", "kami", "sembah", "dan", "kepada", "minta", "tolong", "tunjuk", "jalan", "lurus", "yaitu", "orang", "telah", "beri", "nikmat", "mereka", "bukan", "murka", "pula", "sesat"], "tf": [[1, 0, 0, 0, 0, 0, 0], [1, 0, 0, 0, 0, 0, 0], [1, 0, 0, 0, 0, 0, 0], [1, 1, 0, 0, 0, 0, 0], [1, 0, 0, 1, 1, 1, 3], [2, 0, 2, 0, 0, 0, 0], [1, 0, 1, 0, 0, 0, 0], [1, 0, 1, 0, 0, 0, 0], [1, 0, 1, 0, 0, 0, 0], [0, 1, 0, 0, 0, 0, 0], [0, 1, 0, 0, 0, 0, 0], [0, 1, 0, 0, 0, 0, 0], [0, 1, 0, 0, 0, 0, 0], [0, 1, 0, 0, 0, 0, 0], [0, 1, 0, 0, 0, 0, 0], [0, 0, 0, 1, 0, 0, 0], [0, 0, 0, 1, 0, 0, 0], [0, 0, 0, 1, 0, 0, 0], [0, 0, 0, 1, 0, 0, 0], [0, 0, 0, 0, 2, 0, 0], [0, 0, 0, 0, 2, 0, 1], [0, 0, 0, 0, 2, 1, 0], [0, 0, 0, 0, 1, 0, 0], [0, 0, 0, 0, 1, 0, 1], [0, 0, 0, 0, 1, 0, 1], [0, 0, 0, 0, 1, 0, 0], [0, 0, 0, 0, 1, 0, 0], [0, 0, 0, 0, 0, 1, 0], [0, 0, 0, 0, 0, 1, 3], [0, 0, 0, 0, 0, 1, 0], [0, 0, 0, 0, 0, 0, 1], [0, 0, 0, 0, 0, 0, 2], [0, 0, 0, 0, 0, 0, 1], [0, 0, 0, 0, 0, 0, 1], [0, 0, 0, 0, 0, 0, 1], [0, 0, 0, 0, 0, 0, 3], [0, 0, 0, 0, 0, 0, 2], [0, 0, 0, 0, 0, 0, 1], [0, 0, 0, 0, 0, 0, 1], [0, 0, 0, 0, 0, 0, 1]], "idf": [0.8450980400142568, 0.8450980400142568, 0.8450980400142568, 0.5440680443502757, 0.146128035678238, 0.5440680443502757, 0.5440680443502757, 0.5440680443502757, 0.5440680443502757, 0.8450980400142568, 0.8450980400142568, 0.8450980400142568, 0.8450980400142568, 0.8450980400142568, 0.8450980400142568, 0.8450980400142568, 0.8450980400142568, 0.8450980400142568, 0.8450980400142568, 0.8450980400142568, 0.5440680443502757, 0.5440680443502757, 0.8450980400142568, 0.5440680443502757, 0.5440680443502757, 0.8450980400142568, 0.8450980400142568, 0.8450980400142568, 0.5440680443502757, 0.8450980400142568, 0.8450980400142568, 0.8450980400142568, 0.8450980400142568, 0.8450980400142568, 0.8450980400142568, 0.8450980400142568, 0.8450980400142568, 0.8450980400142568, 0.8450980400142568, 0.8450980400142568], "tfidf": [[0.8450980400142568, 0, 0, 0, 0, 0, 0], [0.8450980400142568, 0, 0, 0, 0, 0, 0], [0.8450980400142568, 0, 0, 0, 0, 0, 0], [0.5440680443502757, 0.5440680443502757, 0, 0, 0, 0, 0], [0.146128035678238, 0, 0, 0.146128035678238, 0.146128035678238, 0.146128035678238, 0.21584882741075853], [0.7078488453819499, 0, 0.7078488453819499, 0, 0, 0, 0], [0.5440680443502757, 0, 0.5440680443502757, 0, 0, 0, 0], [0.5440680443502757, 0, 0.5440680443502757, 0, 0, 0, 0], [0.5440680443502757, 0, 0.5440680443502757, 0, 0, 0, 0], [0, 0.8450980400142568, 0, 0, 0, 0, 0], [0, 0.8450980400142568, 0, 0, 0, 0, 0], [0, 0.8450980400142568, 0, 0, 0, 0, 0], [0, 0.8450980400142568, 0, 0, 0, 0, 0], [0, 0.8450980400142568, 0, 0, 0, 0, 0], [0, 0.8450980400142568, 0, 0, 0, 0, 0], [0, 0, 0, 0.8450980400142568, 0, 0, 0], [0, 0, 0, 0.8450980400142568, 0, 0, 0], [0, 0, 0, 0.8450980400142568, 0, 0, 0], [0, 0, 0, 0.8450980400142568, 0, 0, 0], [0, 0, 0, 0, 1.0994978993353877, 0, 0], [0, 0, 0, 0, 0.7078488453819499, 0, 0.5440680443502757], [0, 0, 0, 0, 0.7078488453819499, 0.5440680443502757, 0], [0, 0, 0, 0, 0.8450980400142568, 0, 0], [0, 0, 0, 0, 0.5440680443502757, 0, 0.5440680443502757], [0, 0, 0, 0, 0.5440680443502757, 0, 0.5440680443502757], [0, 0, 0, 0, 0.8450980400142568, 0, 0], [0, 0, 0, 0, 0.8450980400142568, 0, 0], [0, 0, 0, 0, 0, 0.8450980400142568, 0], [0, 0, 0, 0, 0, 0.5440680443502757, 0.8036544723235521], [0, 0, 0, 0, 0, 0.8450980400142568, 0], [0, 0, 0, 0, 0, 0, 0.8450980400142568], [0, 0, 0, 0, 0, 0, 1.0994978993353877], [0, 0, 0, 0, 0, 0, 0.8450980400142568], [0, 0, 0, 0, 0, 0, 0.8450980400142568], [0, 0, 0, 0, 0, 0, 0.8450980400142568], [0, 0, 0, 0, 0, 0, 1.2483122772269866], [0, 0, 0, 0, 0, 0, 1.0994978993353877], [0, 0, 0, 0, 0, 0, 0.8450980400142568], [0, 0, 0, 0, 0, 0, 0.8450980400142568], [0, 0, 0, 0, 0, 0, 0.8450980400142568]], "tfidf_norm": [[0.4307569141811435, 0.4307569141811435, 0.4307569141811435, 0.2773182054533467, 0.0744832655428333, 0.3607993036385107, 0.2773182054533467, 0.2773182054533467, 0.2773182054533467, 0.0, 0.0, 0.0, 0.0, 0.0, 0.0, 0.0, 0.0, 0.0, 0.0, 0.0, 0.0, 0.0, 0.0, 0.0, 0.0, 0.0, 0.0, 0.0, 0.0, 0.0, 0.0, 0.0, 0.0, 0.0, 0.0, 0.0, 0.0, 0.0, 0.0, 0.0], [0.0, 0.0, 0.0, 0.2541942734555212, 0.0, 0.0, 0.0, 0.0, 0.0, 0.3948386318785645, 0.3948386318785645, 0.3948386318785645, 0.3948386318785645, 0.3948386318785645, 0.3948386318785645, 0.0, 0.0, 0.0, 0.0, 0.0, 0.0, 0.0, 0.0, 0.0, 0.0, 0.0, 0.0, 0.0, 0.0, 0.0, 0.0, 0.0, 0.0, 0.0, 0.0, 0.0, 0.0, 0.0, 0.0, 0.0], [0.0, 0.0, 0.0, 0.0, 0.0, 0.6005883219864204, 0.46162526920058433, 0.46162526920058433, 0.46162526920058433, 0.0, 0.0, 0.0, 0.0, 0.0, 0.0, 0.0, 0.0, 0.0, 0.0, 0.0, 0.0, 0.0, 0.0, 0.0, 0.0, 0.0, 0.0, 0.0, 0.0, 0.0, 0.0, 0.0, 0.0, 0.0, 0.0, 0.0, 0.0, 0.0, 0.0, 0.0], [0.0, 0.0, 0.0, 0.0, 0.08613494583707257, 0.0, 0.0, 0.0, 0.0, 0.0, 0.0, 0.0, 0.0, 0.0, 0.0, 0.4981417396448637, 0.4981417396448637, 0.4981417396448637, 0.4981417396448637, 0.0, 0.0, 0.0, 0.0, 0.0, 0.0, 0.0, 0.0, 0.0, 0.0, 0.0, 0.0, 0.0, 0.0, 0.0, 0.0, 0.0, 0.0, 0.0, 0.0, 0.0], [0.0, 0.0, 0.0, 0.0, 0.06556756237641957, 0.0, 0.0, 0.0, 0.0, 0.0, 0.0, 0.0, 0.0, 0.0, 0.0, 0.0, 0.0, 0.0, 0.0, 0.49334405107692464, 0.3176113543663369, 0.3176113543663369, 0.3791949860657488, 0.2441230067138028, 0.2441230067138028, 0.3791949860657488, 0.3791949860657488, 0.0, 0.0, 0.0, 0.0, 0.0, 0.0, 0.0, 0.0, 0.0, 0.0, 0.0, 0.0, 0.0], [0.0, 0.0, 0.0, 0.0, 0.10226611225947058, 0.0, 0.0, 0.0, 0.0, 0.0, 0.0, 0.0, 0.0, 0.0, 0.0, 0.0, 0.0, 0.0, 0.0, 0.0, 0.0, 0.3807600878371487, 0.0, 0.0, 0.0, 0.0, 0.0, 0.5914326476040306, 0.3807600878371487, 0.5914326476040306, 0.0, 0.0, 0.0, 0.0, 0.0, 0.0, 0.0, 0.0, 0.0, 0.0], [0.0, 0.0, 0.0, 0.0, 0.0664358115853787, 0.0, 0.0, 0.0, 0.0, 0.0, 0.0, 0.0, 0.0, 0.0, 0.0, 0.0, 0.0, 0.0, 0.0, 0.0, 0.16745794970336159, 0.0, 0.0, 0.16745794970336159, 0.16745794970336159, 0.0, 0.0, 0.0, 0.24735569677861158, 0.0, 0.2601115550686636, 0.3384129353631349, 0.2601115550686636, 0.2601115550686636, 0.2601115550686636, 0.384216306590107, 0.3384129353631349, 0.2601115550686636, 0.2601115550686636, 0.2601115550686636]],