{"klaster": 2, "silhouette": 0.13476884620994165, "w": 2, "max_iterasi": 8, "threshold": 0.001, "partition_coefficient": [0.6707155226953084, 0.5441880900116249, 0.5275981519928384, 0.5250303513722683, 0.5258509317422004, 0.5274817878697718, 0.5291951957455212], "partition_entropy": [0.7164231801299881, 0.9345010125140828, 0.9594264439822329, 0.9632334501330483, 0.96199702076316, 0.9595510543066339, 0.9569766256756612], "features": ["sebut", "nama", "allah", "maha", "murah", "sayang", "puji", "tuhan", "semesta", "alam", "kuasa", "balas", "engkau", "sembah", "tolong", "tunjuk", "jalan", "lurus", "orang", "nikmat", "murka", "sesat"], "tf": [[1, 0, 0, 0, 0, 0, 0], [1, 0, 0, 0, 0, 0, 0], [1, 1, 0, 0, 0, 0, 0], [2, 0, 2, 0, 0, 0, 0], [1, 0, 1, 0, 0, 0, 0], [1, 0, 1, 0, 0, 0, 0], [0, 1, 0, 0, 0, 0, 0], [0, 1, 0, 0, 0, 0, 0], [0, 1, 0, 0, 0, 0, 0], [0, 1, 0, 0, 0, 0, 0], [0, 0, 0, 1, 0, 0, 0], [0, 0, 0, 1, 0, 0, 0], [0, 0, 0, 0, 2, 0, 1], [0, 0, 0, 0, 1, 0, 0], [0, 0, 0, 0, 1, 0, 0], [0, 0, 0, 0, 0, 1, 0], [0, 0, 0, 0, 0, 1, 3], [0, 0, 0, 0, 0, 1, 0], [0, 0, 0, 0, 0, 0, 2], [0, 0, 0, 0, 0, 0, 1], [0, 0, 0, 0, 0, 0, 1], [0, 0, 0, 0, 0, 0, 1]], "idf": [0.8450980400142568, 0.8450980400142568, 0.5440680443502757, 0.5440680443502757, 0.5440680443502757, 0.5440680443502757, 0.8450980400142568, 0.8450980400142568, 0.8450980400142568, 0.8450980400142568, 0.8450980400142568, 0.8450980400142568, 0.5440680443502757, 0.8450980400142568, 0.8450980400142568, 0.8450980400142568, 0.5440680443502757, 0.8450980400142568, 0.8450980400142568, 0.8450980400142568, 0.8450980400142568, 0.8450980400142568], "tfidf": [[0.8450980400142568, 0, 0, 0, 0, 0, 0], [0.8450980400142568, 0, 0, 0, 0, 0, 0], [0.5440680443502757, 0.5440680443502757, 0, 0, 0, 0, 0], [0.7078488453819499, 0, 0.7078488453819499, 0, 0, 0, 0], [0.5440680443502757, 0, 0.5440680443502757, 0, 0, 0, 0], [0.5440680443502757, 0, 0.5440680443502757, 0, 0, 0, 0], [0, 0.8450980400142568, 0, 0, 0, 0, 0], [0, 0.8450980400142568, 0, 0, 0, 0, 0], [0, 0.8450980400142568, 0, 0, 0, 0, 0], [0, 0.8450980400142568, 0, 0, 0, 0, 0], [0, 0, 0, 0.8450980400142568, 0, 0, 0], [0, 0, 0, 0.8450980400142568, 0, 0, 0], [0, 0, 0, 0, 0.7078488453819499, 0, 0.5440680443502757], [0, 0, 0, 0, 0.8450980400142568, 0, 0], [0, 0, 0, 0, 0.8450980400142568, 0, 0], [0, 0, 0, 0, 0, 0.8450980400142568, 0], [0, 0, 0, 0, 0, 0.5440680443502757, 0.8036544723235521], [0, 0, 0, 0, 0, 0.8450980400142568, 0], [0, 0, 0, 0, 0, 0, 1.0994978993353877], [0, 0, 0, 0, 0, 0, 0.8450980400142568], [0, 0, 0, 0, 0, 0, 0.8450980400142568], [0, 0, 0, 0, 0, 0, 0.8450980400142568]], "tfidf_norm": [[0.5034752194826289, 0.5034752194826289, 0.32413372777212757, 0.4217077024379212, 0.32413372777212757, 0.32413372777212757, 0.0, 0.0, 0.0, 0.0, 0.0, 0.0, 0.0, 0.0, 0.0, 0.0, 0.0, 0.0, 0.0, 0.0, 0.0, 0.0], [0.0, 0.0, 0.306412782904838, 0.0, 0.0, 0.0, 0.47594936875483734, 0.47594936875483734, 0.47594936875483734, 0.47594936875483734, 0.0, 0.0, 0.0, 0.0, 0.0, 0.0, 0.0, 0.0, 0.0, 0.0, 0.0, 0.0], [0.0, 0.0, 0.0, 0.6770434302818068, 0.5203903311516483, 0.5203903311516483, 0.0, 0.0, 0.0, 0.0, 0.0, 0.0, 0.0, 0.0, 0.0, 0.0, 0.0, 0.0, 0.0, 0.0, 0.0, 0.0], [0.0, 0.0, 0.0, 0.0, 0.0, 0.0, 0.0, 0.0, 0.0, 0.0, 0.7071067811865475, 0.7071067811865475, 0.0, 0.0, 0.0, 0.0, 0.0, 0.0, 0.0, 0.0, 0.0, 0.0], [0.0, 0.0, 0.0, 0.0, 0.0, 0.0, 0.0, 0.0, 0.0, 0.0, 0.0, 0.0, 0.5095958222803967, 0.6084045109605805, 0.6084045109605805, 0.0, 0.0, 0.0, 0.0, 0.0, 0.0, 0.0], [0.0, 0.0, 0.0, 0.0, 0.0, 0.0, 0.0, 0.0, 0.0, 0.0, 0.0, 0.0, 0.0, 0.0, 0.0, 0.6435601828481475, 0.41431942038108455, 0.6435601828481475, 0.0, 0.0, 0.0, 0.0], [0.0, 0.0, 0.0, 0.0, 0.0, 0.0, 0.0, 0.0, 0.0, 0.0, 0.0, 0.0, 0.2625763848534279, 0.0, 0.0, 0.0, 0.38785715905444834, 0.0, 0.5306361705293525, 0.40785852155433366, 0.40785852155433366, 0.40785852155433366]], "v": [[[0.10872486637971282, 0.10872486637971282, 0.08375514592215037, 0.24453107448392783, 0.18795191140780063, 0.18795191140780063, 0.021371562541129565, 0.021371562541129565, 0.021371562541129565, 0.021371562541129565, 0.04717458677933566, 0.04717458677933566, 0.07397567958422187, 0.08494310356209425, 0.08494310356209425, 0.19009468020498302, 0.12655868991453964, 0.19009468020498302, 0.005714786597339733, 0.004392509485857925, 0.004392509485857925, 0.004392509485857925], [0.009642362126211437, 0.009642362126211437, 0.0849776455686759, 0.018116465906577076, 0.013924710396343572, 0.013924710396343572, 0.1223529690843815, 0.1223529690843815, 0.1223529690843815, 0.1223529690843815, 0.1365088108661734, 0.1365088108661734, 0.15347948749444032, 0.044734363151684275, 0.044734363151684275, 0.0003555274810622182, 0.17159011280990283, 0.0003555274810622182, 0.2344431784464509, 0.18019813473001656, 0.18019813473001656, 0.18019813473001656]], [[0.11506350563213025, 0.11506350563213025, 0.09918458187716557, 0.25523343305377594, 0.19617797737516227, 0.19617797737516227, 0.038999385240507944, 0.038999385240507944, 0.038999385240507944, 0.038999385240507944, 0.06905270311625647, 0.06905270311625647, 0.07447718938292687, 0.07796500754490529, 0.07796500754490529, 0.124945185912102, 0.0939901971233018, 0.124945185912102, 0.01853995619310905, 0.014250214257087267, 0.014250214257087267, 0.014250214257087267], [0.028366406855271212, 0.028366406855271212, 0.07904543475975988, 0.059729436356284, 0.04590934609912745, 0.04590934609912745, 0.09441445241633256, 0.09441445241633256, 0.09441445241633256, 0.09441445241633256, 0.12291230293519076, 0.12291230293519076, 0.14919443155928044, 0.0822131761468692, 0.0822131761468692, 0.049724368882300675, 0.15067405103563594, 0.049724368882300675, 0.1623439798949134, 0.12478111990958447, 0.12478111990958447, 0.12478111990958447]], [[0.11880697136639715, 0.11880697136639715, 0.10703430494064674, 0.2610865697269474, 0.20067682574351542, 0.20067682574351542, 0.0474488531741698, 0.0474488531741698, 0.0474488531741698, 0.0474488531741698, 0.0752283966170437, 0.0752283966170437, 0.07338251487453828, 0.06933991388200134, 0.06933991388200134, 0.0946312337376635, 0.08352852907103943, 0.0946312337376635, 0.030927262356976723, 0.023771367654896368, 0.023771367654896368, 0.023771367654896368], [0.030405533637266665, 0.030405533637266665, 0.07421428836218782, 0.06541248849412887, 0.050277463788024016, 0.050277463788024016, 0.08487113127113805, 0.08487113127113805, 0.08487113127113805, 0.08487113127113805, 0.11970627358352144, 0.11970627358352144, 0.1468669220144576, 0.09714567408690525, 0.09714567408690525, 0.07972550823355322, 0.14807565731908393, 0.07972550823355322, 0.1323644288407604, 0.10173818380967317, 0.10173818380967317, 0.10173818380967317]], [[0.12194066080587074, 0.12194066080587074, 0.1116109638805882, 0.26603275433529416, 0.20447857099522462, 0.20447857099522462, 0.05142406406457513, 0.05142406406457513, 0.05142406406457513, 0.05142406406457513, 0.07663692728389948, 0.07663692728389948, 0.07245903797852667, 0.0640202312658095, 0.0640202312658095, 0.07873165374894343, 0.07851006426662355, 0.07873165374894343, 0.038065538848045644, 0.029258002486421443, 0.029258002486421443, 0.029258002486421443], [0.02947642722898954, 0.02947642722898954, 0.07055091413153888, 0.06436920095751285, 0.049475570257442064, 0.049475570257442064, 0.08010993769890945, 0.08010993769890945, 0.08010993769890945, 0.08010993769890945, 0.11871274540251128, 0.11871274540251128, 0.1463735850160975, 0.10463512000615335, 0.10463512000615335, 0.09716921510428755, 0.1493109230669371, 0.09716921510428755, 0.11869022425259679, 0.09122789224549983, 0.09122789224549983, 0.09122789224549983]], [[0.12462164263542283, 0.12462164263542283, 0.11455308047913808, 0.2705700670871699, 0.20796604843002434, 0.20796604843002434, 0.05331305651810587, 0.05331305651810587, 0.05331305651810587, 0.05331305651810587, 0.07648935681948822, 0.07648935681948822, 0.07147126484906131, 0.060866760125437305, 0.060866760125437305, 0.0699893302797511, 0.07532431992693057, 0.0699893302797511, 0.04140717938735204, 0.031826460208720916, 