{"klaster": 2, "silhouette": 0.03348133071955495, "w": 6, "max_iterasi": 100, "threshold": 0.001, "partition_coefficient": [0.21359271345226438, 0.040052336351474885, 0.03298968062860367, 0.031558365930919596, 0.03130259537522005], "partition_entropy": [0.800445043433757, 0.987123200952059, 0.9973514557135594, 0.9995264281342124, 0.9999190908797468], "features": ["sebut", "nama", "allah", "maha", "murah", "sayang", "puji", "tuhan", "semesta", "alam", "kuasa", "balas", "engkau", "sembah", "tolong", "tunjuk", "jalan", "lurus", "orang", "nikmat", "murka", "sesat"], "tf": [[1, 0, 0, 0, 0, 0, 0], [1, 0, 0, 0, 0, 0, 0], [1, 1, 0, 0, 0, 0, 0], [2, 0, 2, 0, 0, 0, 0], [1, 0, 1, 0, 0, 0, 0], [1, 0, 1, 0, 0, 0, 0], [0, 1, 0, 0, 0, 0, 0], [0, 1, 0, 0, 0, 0, 0], [0, 1, 0, 0, 0, 0, 0], [0, 1, 0, 0, 0, 0, 0], [0, 0, 0, 1, 0, 0, 0], [0, 0, 0, 1, 0, 0, 0], [0, 0, 0, 0, 2, 0, 1], [0, 0, 0, 0, 1, 0, 0], [0, 0, 0, 0, 1, 0, 0], [0, 0, 0, 0, 0, 1, 0], [0, 0, 0, 0, 0, 1, 3], [0, 0, 0, 0, 0, 1, 0], [0, 0, 0, 0, 0, 0, 2], [0, 0, 0, 0, 0, 0, 1], [0, 0, 0, 0, 0, 0, 1], [0, 0, 0, 0, 0, 0, 1]], "idf": [0.8450980400142568, 0.8450980400142568, 0.5440680443502757, 0.5440680443502757, 0.5440680443502757, 0.5440680443502757, 0.8450980400142568, 0.8450980400142568, 0.8450980400142568, 0.8450980400142568, 0.8450980400142568, 0.8450980400142568, 0.5440680443502757, 0.8450980400142568, 0.8450980400142568, 0.8450980400142568, 0.5440680443502757, 0.8450980400142568, 0.8450980400142568, 0.8450980400142568, 0.8450980400142568, 0.8450980400142568], "tfidf": [[0.8450980400142568, 0, 0, 0, 0, 0, 0], [0.8450980400142568, 0, 0, 0, 0, 0, 0], [0.5440680443502757, 0.5440680443502757, 0, 0, 0, 0, 0], [0.7078488453819499, 0, 0.7078488453819499, 0, 0, 0, 0], [0.5440680443502757, 0, 0.5440680443502757, 0, 0, 0, 0], [0.5440680443502757, 0, 0.5440680443502757, 0, 0, 0, 0], [0, 0.8450980400142568, 0, 0, 0, 0, 0], [0, 0.8450980400142568, 0, 0, 0, 0, 0], [0, 0.8450980400142568, 0, 0, 0, 0, 0], [0, 0.8450980400142568, 0, 0, 0, 0, 0], [0, 0, 0, 0.8450980400142568, 0, 0, 0], [0, 0, 0, 0.8450980400142568, 0, 0, 0], [0, 0, 0, 0, 0.7078488453819499, 0, 0.5440680443502757], [0, 0, 0, 0, 0.8450980400142568, 0, 0], [0, 0, 0, 0, 0.8450980400142568, 0, 0], [0, 0, 0, 0, 0, 0.8450980400142568, 0], [0, 0, 0, 0, 0, 0.5440680443502757, 0.8036544723235521], [0, 0, 0, 0, 0, 0.8450980400142568, 0], [0, 0, 0, 0, 0, 0, 1.0994978993353877], [0, 0, 0, 0, 0, 0, 0.8450980400142568], [0, 0, 0, 0, 0, 0, 0.8450980400142568], [0, 0, 0, 0, 0, 0, 0.8450980400142568]], "tfidf_norm": [[0.5034752194826289, 0.5034752194826289, 0.32413372777212757, 0.4217077024379212, 0.32413372777212757, 0.32413372777212757, 0.0, 0.0, 0.0, 0.0, 0.0, 0.0, 0.0, 0.0, 0.0, 0.0, 0.0, 0.0, 0.0, 0.0, 0.0, 0.0], [0.0, 0.0, 0.306412782904838, 0.0, 0.0, 0.0, 0.47594936875483734, 0.47594936875483734, 0.47594936875483734, 0.47594936875483734, 0.0, 0.0, 0.0, 0.0, 0.0, 0.0, 0.0, 0.0, 0.0, 0.0, 0.0, 0.0], [0.0, 0.0, 0.0, 0.6770434302818068, 0.5203903311516483, 0.5203903311516483, 0.0, 0.0, 0.0, 0.0, 0.0, 0.0, 0.0, 0.0, 0.0, 0.0, 0.0, 0.0, 0.0, 0.0, 0.0, 0.0], [0.0, 0.0, 0.0, 0.0, 0.0, 0.0, 0.0, 0.0, 0.0, 0.0, 0.7071067811865475, 0.7071067811865475, 0.0, 0.0, 0.0, 0.0, 0.0, 0.0, 0.0, 0.0, 0.0, 0.0], [0.0, 0.0, 0.0, 0.0, 0.0, 0.0, 0.0, 0.0, 0.0, 0.0, 0.0, 0.0, 0.5095958222803967, 0.6084045109605805, 0.6084045109605805, 0.0, 0.0, 0.0, 0.0, 0.0, 0.0, 0.0], [0.0, 0.0, 0.0, 0.0, 0.0, 0.0, 0.0, 0.0, 0.0, 0.0, 0.0, 0.0, 0.0, 0.0, 0.0, 0.6435601828481475, 0.41431942038108455, 0.6435601828481475, 0.0, 0.0, 0.0, 0.0], [0.0, 0.0, 0.0, 0.0, 0.0, 0.0, 0.0, 0.0, 0.0, 0.0, 0.0, 0.0, 0.2625763848534279, 0.0, 0.0, 0.0, 0.38785715905444834, 0.0, 0.5306361705293525, 0.40785852155433366, 0.40785852155433366, 0.40785852155433366]], "v": [[[0.0654812137537482, 0.0654812137537482, 0.0421563347943938, 0.17241154607158837, 0.13251927061343274, 0.13251927061343274, 4.463782910733224e-13, 4.463782910733224e-13, 4.463782910733224e-13, 4.463782910733224e-13, 0.009212680113594862, 0.009212680113594862, 0.33543532602573156, 0.38469994550856473, 0.38469994550856473, 0.0004106066881834508, 0.019781625551089126, 0.0004106066881834508, 0.026702033035019883, 0.02052376434364412, 0.02052376434364412, 0.02052376434364412], [0.002676454295180062, 0.002676454295180062, 0.23744039574071624, 0.004652319991894758, 0.003575874505122724, 0.003575874505122724, 0.3661384671919233, 0.3661384671919233, 0.3661384671919233, 0.3661384671919233, 0.03044054791539467, 0.03044054791539467, 0.0041304797503706825, 0.00015875832318188886, 0.00015875832318188886, 0.10509905733673948, 0.0735668170158915, 0.10509905733673948, 0.008078489707710277, 0.006209303194110768, 0.006209303194110768, 0.006209303194110768]], [[0.07058268408497667, 0.07058268408497667, 0.050284379329984814, 0.16161515531084672, 0.12422092945548603, 0.12422092945548603, 0.007523778620163899, 0.007523778620163899, 0.007523778620163899, 0.007523778620163899, 0.0824250452015868, 0.0824250452015868, 0.20813074727210024, 0.20772245041880832, 0.20772245041880832, 0.06731152294000416, 0.09376908755453406, 0.06731152294000416, 0.06900046338882117, 0.05303525946272034, 0.05303525946272034, 0.05303525946272034], [0.044271960556847026, 0.044271960556847026, 0.17630136060145296, 0.09183262645510014, 0.07058455743615144, 0.07058455743615144, 0.2295760182820137, 0.2295760182820137, 0.2295760182820137, 0.2295760182820137, 0.07536702920485006, 0.07536702920485006, 0.03944586221845609, 0.017236390786411863, 0.017236390786411863, 0.0763820307277012, 0.08611518642613517, 0.0763820307277012, 0.05053979753319498, 0.03884598948650832, 0.03884598948650832, 0.03884598948650832]], [[0.07429074942270962, 0.07429074942270962, 0.065408573699721, 0.16877093670153442, 0.12972101893423457, 0.12972101893423457, 0.027308045080601997, 0.027308045080601997, 0.027308045080601997, 0.027308045080601997, 0.09764859725825793, 0.09764859725825793, 0.14853623359857185, 0.1302677582695206, 0.1302677582695206, 0.0871018693877389, 0.11431072628715452, 0.0871018693877389, 0.07967285438278522, 0.06123829169835869, 0.06123829169835869, 0.06123829169835869], [0.06239233143565475, 0.06239233143565475, 0.12857040430983058, 0.13067737576137411, 0.10044147805730096, 0.10044147805730096, 0.1373154033125482, 0.1373154033125482, 0.1373154033125482, 0.1373154033125482, 0.09379587198753536, 0.09379587198753536, 0.07375284830026237, 0.0499022669801873, 0.0499022669801873, 0.08712338087007769, 0.10329084691617618, 0.08712338087007769, 0.06457736059155322, 0.04963556628730619, 0.04963556628730619, 0.04963556628730619]], [[0.07380899238267645, 0.07380899238267645, 0.0778293410867301, 0.16560185284241843, 0.1272851920357943, 0.1272851920357943, 0.04708291496421265, 0.04708291496421265, 0.04708291496421265, 0.04708291496421265, 0.09990298925439813, 0.09990298925439813, 0.12544329978593413, 0.10282580620005259, 0.10282580620005259, 0.09084753430524845, 0.11656303410356328, 0.09084753430524845, 0.07945515277061992, 0.061070961496218185, 0.061070961496218185, 0.061070961496218185], [0.0687087042676972, 0.0687087042676972, 0.1050468266108211, 0.14582645450938742, 0.11208539003358245, 0.11208539003358245, 0.09445998060615356, 0.09445998060615356, 0.09445998060615356, 0.09445998060615356, 0.10016069565601497, 0.10016069565601497, 0.09505044715578506, 0.07161159466445352, 0.07161159466445352, 0.09123718927433318, 0.11053904491634567, 0.09123718927433318, 0.07087039338144896, 0.05447252839492008, 0.05447252839492008, 0.05447252839492008]], [[0.07309155472550005, 0.07309155472550005, 0.08482797467346091, 0.1618299502864705, 0.1243860255534543, 0.1243860255534543, 0.058671293468479754, 0.058671293468479754, 0.058671293468479754, 0.058671293468479754, 0.10018580999622433, 0.10018580999622433, 0.11624908298748296, 0.09285427576362817, 0.09285427576362817, 0.09146371258119021, 0.11571580433280447, 0.09146371258119021, 0.07775331637017753, 0.0597628929612004, 0.0597628929612004, 0.0597628929612004], [0.07053507642256797, 