{"klaster": 2, "silhouette": 0.08043307107001432, "w": 4, "max_iterasi": 100, "threshold": 0.001, "partition_coefficient": [0.3803883805192083, 0.14480705816263487, 0.13118036698147667, 0.12751151940144204, 0.12623627206867863, 0.12566582075396296], "partition_entropy": [0.7410336578126305, 0.9809410493055856, 0.9940555711706885, 0.9975844209359745, 0.9988109566363479, 0.9993596156337048], "features": ["sebut", "nama", "allah", "maha", "murah", "sayang", "puji", "tuhan", "semesta", "alam", "kuasa", "balas", "engkau", "sembah", "tolong", "tunjuk", "jalan", "lurus", "orang", "nikmat", "murka", "sesat"], "tf": [[1, 0, 0, 0, 0, 0, 0], [1, 0, 0, 0, 0, 0, 0], [1, 1, 0, 0, 0, 0, 0], [2, 0, 2, 0, 0, 0, 0], [1, 0, 1, 0, 0, 0, 0], [1, 0, 1, 0, 0, 0, 0], [0, 1, 0, 0, 0, 0, 0], [0, 1, 0, 0, 0, 0, 0], [0, 1, 0, 0, 0, 0, 0], [0, 1, 0, 0, 0, 0, 0], [0, 0, 0, 1, 0, 0, 0], [0, 0, 0, 1, 0, 0, 0], [0, 0, 0, 0, 2, 0, 1], [0, 0, 0, 0, 1, 0, 0], [0, 0, 0, 0, 1, 0, 0], [0, 0, 0, 0, 0, 1, 0], [0, 0, 0, 0, 0, 1, 3], [0, 0, 0, 0, 0, 1, 0], [0, 0, 0, 0, 0, 0, 2], [0, 0, 0, 0, 0, 0, 1], [0, 0, 0, 0, 0, 0, 1], [0, 0, 0, 0, 0, 0, 1]], "idf": [0.8450980400142568, 0.8450980400142568, 0.5440680443502757, 0.5440680443502757, 0.5440680443502757, 0.5440680443502757, 0.8450980400142568, 0.8450980400142568, 0.8450980400142568, 0.8450980400142568, 0.8450980400142568, 0.8450980400142568, 0.5440680443502757, 0.8450980400142568, 0.8450980400142568, 0.8450980400142568, 0.5440680443502757, 0.8450980400142568, 0.8450980400142568, 0.8450980400142568, 0.8450980400142568, 0.8450980400142568], "tfidf": [[0.8450980400142568, 0, 0, 0, 0, 0, 0], [0.8450980400142568, 0, 0, 0, 0, 0, 0], [0.5440680443502757, 0.5440680443502757, 0, 0, 0, 0, 0], [0.7078488453819499, 0, 0.7078488453819499, 0, 0, 0, 0], [0.5440680443502757, 0, 0.5440680443502757, 0, 0, 0, 0], [0.5440680443502757, 0, 0.5440680443502757, 0, 0, 0, 0], [0, 0.8450980400142568, 0, 0, 0, 0, 0], [0, 0.8450980400142568, 0, 0, 0, 0, 0], [0, 0.8450980400142568, 0, 0, 0, 0, 0], [0, 0.8450980400142568, 0, 0, 0, 0, 0], [0, 0, 0, 0.8450980400142568, 0, 0, 0], [0, 0, 0, 0.8450980400142568, 0, 0, 0], [0, 0, 0, 0, 0.7078488453819499, 0, 0.5440680443502757], [0, 0, 0, 0, 0.8450980400142568, 0, 0], [0, 0, 0, 0, 0.8450980400142568, 0, 0], [0, 0, 0, 0, 0, 0.8450980400142568, 0], [0, 0, 0, 0, 0, 0.5440680443502757, 0.8036544723235521], [0, 0, 0, 0, 0, 0.8450980400142568, 0], [0, 0, 0, 0, 0, 0, 1.0994978993353877], [0, 0, 0, 0, 0, 0, 0.8450980400142568], [0, 0, 0, 0, 0, 0, 0.8450980400142568], [0, 0, 0, 0, 0, 0, 0.8450980400142568]], "tfidf_norm": [[0.5034752194826289, 0.5034752194826289, 0.32413372777212757, 0.4217077024379212, 0.32413372777212757, 0.32413372777212757, 0.0, 0.0, 0.0, 0.0, 0.0, 0.0, 0.0, 0.0, 0.0, 0.0, 0.0, 0.0, 0.0, 0.0, 0.0, 0.0], [0.0, 0.0, 0.306412782904838, 0.0, 0.0, 0.0, 0.47594936875483734, 0.47594936875483734, 0.47594936875483734, 0.47594936875483734, 0.0, 0.0, 0.0, 0.0, 0.0, 0.0, 0.0, 0.0, 0.0, 0.0, 0.0, 0.0], [0.0, 0.0, 0.0, 0.6770434302818068, 0.5203903311516483, 0.5203903311516483, 0.0, 0.0, 0.0, 0.0, 0.0, 0.0, 0.0, 0.0, 0.0, 0.0, 0.0, 0.0, 0.0, 0.0, 0.0, 0.0], [0.0, 0.0, 0.0, 0.0, 0.0, 0.0, 0.0, 0.0, 0.0, 0.0, 0.7071067811865475, 0.7071067811865475, 0.0, 0.0, 0.0, 0.0, 0.0, 0.0, 0.0, 0.0, 0.0, 0.0], [0.0, 0.0, 0.0, 0.0, 0.0, 0.0, 0.0, 0.0, 0.0, 0.0, 0.0, 0.0, 0.5095958222803967, 0.6084045109605805, 0.6084045109605805, 0.0, 0.0, 0.0, 0.0, 0.0, 0.0, 0.0], [0.0, 0.0, 0.0, 0.0, 0.0, 0.0, 0.0, 0.0, 0.0, 0.0, 0.0, 0.0, 0.0, 0.0, 0.0, 0.6435601828481475, 0.41431942038108455, 0.6435601828481475, 0.0, 0.0, 0.0, 0.0], [0.0, 0.0, 0.0, 0.0, 0.0, 0.0, 0.0, 0.0, 0.0, 0.0, 0.0, 0.0, 0.2625763848534279, 0.0, 0.0, 0.0, 0.38785715905444834, 0.0, 0.5306361705293525, 0.40785852155433366, 0.40785852155433366, 0.40785852155433366]], "v": [[[0.023720969690348138, 0.023720969690348138, 0.031838866950946135, 0.01994057685042823, 0.015326761809401287, 0.015326761809401287, 0.02573417537087574, 0.02573417537087574, 0.02573417537087574, 0.02573417537087574, 0.0006767210930936451, 0.0006767210930936451, 0.33315456025610046, 0.39114800287080886, 0.39114800287080886, 0.15045095618655208, 0.10502984241626659, 0.15045095618655208, 0.011178380498495972, 0.008591946792734076, 0.008591946792734076, 0.008591946792734076], [0.023562880892969148, 0.023562880892969148, 0.027575608340200154, 0.3482320342410673, 0.26765872839338106, 0.26765872839338106, 0.019270166926138883, 0.019270166926138883, 0.019270166926138883, 0.019270166926138883, 0.23494828625237021, 0.23494828625237021, 0.024245090421851405, 4.606663532704833e-07, 4.606663532704833e-07, 0.0018780133654923042, 0.037021419942833804, 0.0018780133654923042, 0.048995712985133145, 0.037659172462144626, 0.037659172462144626, 0.037659172462144626]], [[0.03941388685525096, 0.03941388685525096, 0.06347435623324196, 0.06429377041479047, 0.04941759269891246, 0.04941759269891246, 0.059180497801062895, 0.059180497801062895, 0.059180497801062895, 0.059180497801062895, 0.05481326289192878, 0.05481326289192878, 0.23196613573961283, 0.23640798720448425, 0.23640798720448425, 0.10025354594873793, 0.11469414783068278, 0.10025354594873793, 0.06861358924714303, 0.05273789956866141, 0.05273789956866141, 0.05273789956866141], [0.09274965185016185, 0.09274965185016185, 0.0972366688647159, 0.2587931921352614, 0.1989140857610944, 0.1989140857610944, 0.058287555955746445, 0.058287555955746445, 0.058287555955746445, 0.058287555955746445, 0.1312777112670985, 0.1312777112670985, 0.04394493325264969, 0.01553788492191251, 0.01553788492191251, 0.06231541715573407, 0.08580631340141304, 0.06231541715573407, 0.06250691930594071, 0.0480441800068109, 0.0480441800068109, 0.0480441800068109]], [[0.04482273694686972, 0.04482273694686972, 0.07167539084355011, 0.09250313274235125, 0.071099923176746, 0.071099923176746, 0.06651027176066386, 0.06651027176066386, 0.06651027176066386, 0.06651027176066386, 0.08609808204362035, 0.08609808204362035, 0.1725717025374028, 0.15697550571481098, 0.15697550571481098, 0.0989757328814322, 0.12441477545669839, 0.0989757328814322, 0.08303808205910485, 0.06382487900805572, 0.06382487900805572, 0.06382487900805572], [0.10003206930856287, 0.10003206930856287, 0.1050848547588572, 0.22843902967835983, 0.1755832151754317, 0.1755832151754317, 0.06319568448820004, 0.06319568448820004, 0.06319568448820004, 0.06319568448820004, 0.1071831672919236, 0.1071831672919236, 0.06398118331968748, 0.03931475932876098, 0.03931475932876098, 0.07750335960264133, 0.09576276844319676, 0.07750335960264133, 0.06275122066337604, 0.048231955352690335, 0.048231955352690335, 0.048231955352690335]], [[0.05047096930833609, 0.05047096930833609, 0.07692854330842674, 0.10968506096636918, 0.08430632754965144, 0.08430632754965144, 0.06902173357359963, 0.06902173357359963, 0.06902173357359963, 0.06902173357359963, 0.09877736066995976, 0.09877736066995976, 0.14365601562853939, 0.12050651356965647, 0.12050651356965647, 0.09956500395718687, 0.12720260988917415, 0.09956500395718687, 0.08633315891465415, 0.06635754686854393, 0.06635754686854393, 0.06635754686854393], [0.09574842934596317, 0.09574842934596317, 0.103092985407373, 0.20969425859046628, 0.1611755757279437, 0.1611755757279437, 0.06438536423316923, 0.06438536423316923, 0.06438536423316923, 0.06438536423316923, 0.09929826762148958, 0.09929826762148958, 0.08054410437614669, 0.058525941961609686, 0.058525941961609686, 0.08147624535419878, 0.099017322114035, 0.08147624535419878, 0.06370458104233515, 0.04896472891066856, 0.04896472891066856, 0.04896472891066856]], [[0.05528716964040042, 0.05528716964040042, 0.08042198727749646, 0.12120723704303603, 0.09316252311398697, 0.09316252311398697, 0.0696318814379012, 0.0696318814379012, 0.0696318814379012, 0.0696318814379012, 0.1031495158844911, 0.1031495158844911, 0.13000705915508762, 0.10469717681035758, 0.10469717681035758, 0.09920744650913073, 0.12637100019355668, 0.09920744650913073, 0.08551034698563915, 0.06572511569343097, 0.06572511569343097, 0.06572511569343097], 