{"klaster": 2, "silhouette": 0.08043307107001432, "w": 2, "max_iterasi": 100, "threshold": 0.001, "partition_coefficient": [0.6487629621274461, 0.5551060385892402, 0.5431285338361392, 0.5400365245366503, 0.5390278518046552, 0.53867518671561], "partition_entropy": [0.750703440724042, 0.9166364784821166, 0.9357908446723889, 0.9405576576437407, 0.942090057654798, 0.9426218117937099], "features": ["sebut", "nama", "allah", "maha", "murah", "sayang", "puji", "tuhan", "semesta", "alam", "kuasa", "balas", "engkau", "sembah", "tolong", "tunjuk", "jalan", "lurus", "orang", "nikmat", "murka", "sesat"], "tf": [[1, 0, 0, 0, 0, 0, 0], [1, 0, 0, 0, 0, 0, 0], [1, 1, 0, 0, 0, 0, 0], [2, 0, 2, 0, 0, 0, 0], [1, 0, 1, 0, 0, 0, 0], [1, 0, 1, 0, 0, 0, 0], [0, 1, 0, 0, 0, 0, 0], [0, 1, 0, 0, 0, 0, 0], [0, 1, 0, 0, 0, 0, 0], [0, 1, 0, 0, 0, 0, 0], [0, 0, 0, 1, 0, 0, 0], [0, 0, 0, 1, 0, 0, 0], [0, 0, 0, 0, 2, 0, 1], [0, 0, 0, 0, 1, 0, 0], [0, 0, 0, 0, 1, 0, 0], [0, 0, 0, 0, 0, 1, 0], [0, 0, 0, 0, 0, 1, 3], [0, 0, 0, 0, 0, 1, 0], [0, 0, 0, 0, 0, 0, 2], [0, 0, 0, 0, 0, 0, 1], [0, 0, 0, 0, 0, 0, 1], [0, 0, 0, 0, 0, 0, 1]], "idf": [0.8450980400142568, 0.8450980400142568, 0.5440680443502757, 0.5440680443502757, 0.5440680443502757, 0.5440680443502757, 0.8450980400142568, 0.8450980400142568, 0.8450980400142568, 0.8450980400142568, 0.8450980400142568, 0.8450980400142568, 0.5440680443502757, 0.8450980400142568, 0.8450980400142568, 0.8450980400142568, 0.5440680443502757, 0.8450980400142568, 0.8450980400142568, 0.8450980400142568, 0.8450980400142568, 0.8450980400142568], "tfidf": [[0.8450980400142568, 0, 0, 0, 0, 0, 0], [0.8450980400142568, 0, 0, 0, 0, 0, 0], [0.5440680443502757, 0.5440680443502757, 0, 0, 0, 0, 0], [0.7078488453819499, 0, 0.7078488453819499, 0, 0, 0, 0], [0.5440680443502757, 0, 0.5440680443502757, 0, 0, 0, 0], [0.5440680443502757, 0, 0.5440680443502757, 0, 0, 0, 0], [0, 0.8450980400142568, 0, 0, 0, 0, 0], [0, 0.8450980400142568, 0, 0, 0, 0, 0], [0, 0.8450980400142568, 0, 0, 0, 0, 0], [0, 0.8450980400142568, 0, 0, 0, 0, 0], [0, 0, 0, 0.8450980400142568, 0, 0, 0], [0, 0, 0, 0.8450980400142568, 0, 0, 0], [0, 0, 0, 0, 0.7078488453819499, 0, 0.5440680443502757], [0, 0, 0, 0, 0.8450980400142568, 0, 0], [0, 0, 0, 0, 0.8450980400142568, 0, 0], [0, 0, 0, 0, 0, 0.8450980400142568, 0], [0, 0, 0, 0, 0, 0.5440680443502757, 0.8036544723235521], [0, 0, 0, 0, 0, 0.8450980400142568, 0], [0, 0, 0, 0, 0, 0, 1.0994978993353877], [0, 0, 0, 0, 0, 0, 0.8450980400142568], [0, 0, 0, 0, 0, 0, 0.8450980400142568], [0, 0, 0, 0, 0, 0, 0.8450980400142568]], "tfidf_norm": [[0.5034752194826289, 0.5034752194826289, 0.32413372777212757, 0.4217077024379212, 0.32413372777212757, 0.32413372777212757, 0.0, 0.0, 0.0, 0.0, 0.0, 0.0, 0.0, 0.0, 0.0, 0.0, 0.0, 0.0, 0.0, 0.0, 0.0, 0.0], [0.0, 0.0, 0.306412782904838, 0.0, 0.0, 0.0, 0.47594936875483734, 0.47594936875483734, 0.47594936875483734, 0.47594936875483734, 0.0, 0.0, 0.0, 0.0, 0.0, 0.0, 0.0, 0.0, 0.0, 0.0, 0.0, 0.0], [0.0, 0.0, 0.0, 0.6770434302818068, 0.5203903311516483, 0.5203903311516483, 0.0, 0.0, 0.0, 0.0, 0.0, 0.0, 0.0, 0.0, 0.0, 0.0, 0.0, 0.0, 0.0, 0.0, 0.0, 0.0], [0.0, 0.0, 0.0, 0.0, 0.0, 0.0, 0.0, 0.0, 0.0, 0.0, 0.7071067811865475, 0.7071067811865475, 0.0, 0.0, 0.0, 0.0, 0.0, 0.0, 0.0, 0.0, 0.0, 0.0], [0.0, 0.0, 0.0, 0.0, 0.0, 0.0, 0.0, 0.0, 0.0, 0.0, 0.0, 0.0, 0.5095958222803967, 0.6084045109605805, 0.6084045109605805, 0.0, 0.0, 0.0, 0.0, 0.0, 0.0, 0.0], [0.0, 0.0, 0.0, 0.0, 0.0, 0.0, 0.0, 0.0, 0.0, 0.0, 0.0, 0.0, 0.0, 0.0, 0.0, 0.6435601828481475, 0.41431942038108455, 0.6435601828481475, 0.0, 0.0, 0.0, 0.0], [0.0, 0.0, 0.0, 0.0, 0.0, 0.0, 0.0, 0.0, 0.0, 0.0, 0.0, 0.0, 0.2625763848534279, 0.0, 0.0, 0.0, 0.38785715905444834, 0.0, 0.5306361705293525, 0.40785852155433366, 0.40785852155433366, 0.40785852155433366]], "v": [[[0.00121736492979572, 0.00121736492979572, 0.056819007723017734, 0.08109684267711534, 0.0623328001255863, 0.0623328001255863, 0.08703930178846322, 0.08703930178846322, 0.08703930178846322, 0.08703930178846322, 0.04593388688408499, 0.04593388688408499, 0.2184746054190518, 0.19445413043577345, 0.19445413043577345, 0.06442469563627658, 0.12360563258847376, 0.06442469563627658, 0.11236319844739365, 0.08636480236572028, 0.08636480236572028, 0.08636480236572028], [0.25123733601019876, 0.25123733601019876, 0.17572270403520993, 0.28089956372335967, 0.2159055245916928, 0.2159055245916928, 0.02171181861898539, 0.02171181861898539, 0.02171181861898539, 0.02171181861898539, 0.13599544760294272, 0.13599544760294272, 0.008297186164739316, 0.0007145999262055543, 0.0007145999262055543, 0.08268320371124811, 0.06460267962102191, 0.08268320371124811, 0.015558054718607073, 0.011958259817574009, 0.011958259817574009, 0.011958259817574009]], [[0.009583699231733467, 0.009583699231733467, 0.05878910862645788, 0.052631211663320174, 0.04045349595222807, 0.04045349595222807, 0.08173311488797017, 0.08173311488797017, 0.08173311488797017, 0.08173311488797017, 0.08182530978088871, 0.08182530978088871, 0.19135806991795182, 0.16075937908947463, 0.16075937908947463, 0.09488939475944314, 0.14485225052769912, 0.09488939475944314, 0.11459825064305258, 0.08808271217802885, 0.08808271217802885, 0.08808271217802885], [0.16993869557866895, 0.16993869557866895, 0.13747211363289713, 0.2865115552657212, 0.22021902355871503, 0.22021902355871503, 0.04359601757750853, 0.04359601757750853, 0.04359601757750853, 0.04359601757750853, 0.10070540902973814, 0.10070540902973814, 0.037535443887477704, 0.02490766100769228, 0.02490766100769228, 0.07148111433728653, 0.07064698532049793, 0.07148111433728653, 0.03369406708546286, 0.025897994049143405, 0.025897994049143405, 0.025897994049143405]], [[0.01649182204033876, 0.01649182204033876, 0.06048962577604139, 0.04721307161916733, 0.03628899547014066, 0.03628899547014066, 0.07746639644973151, 0.07746639644973151, 0.07746639644973151, 0.07746639644973151, 0.09910443580408292, 0.09910443580408292, 0.17542043835372675, 0.1421797010121386, 0.1421797010121386, 0.10732580647853789, 0.1523041982005521, 0.10732580647853789, 0.11383959268146134, 0.08749959113999001, 0.08749959113999001, 0.08749959113999001], [0.1466580795762315, 0.1466580795762315, 0.12637781867373707, 0.2918618198924957, 0.22433135351621458, 0.22433135351621458, 0.049643923402080764, 0.049643923402080764, 0.049643923402080764, 0.049643923402080764, 0.08725685600678816, 0.08725685600678816, 0.04900155929335205, 0.03652905086661165, 0.03652905086661165, 0.06514221788058377, 0.06912458845242074, 0.06514221788058377, 0.03719446243737796, 0.028588474179179663, 0.028588474179179663, 0.028588474179179663]], [[0.019271984444404394, 0.019271984444404394, 0.06101982493710847, 0.04655368447450312, 0.035782176144789374, 0.035782176144789374, 0.07550978962200942, 0.07550978962200942, 0.07550978962200942, 0.07550978962200942, 0.10823935597764087, 0.10823935597764087, 0.16550700403683613, 0.13086295100225706, 0.13086295100225706, 0.11397987019026361, 0.15594608690760417, 0.11397987019026361, 0.11296132676403876, 0.0868245368212198, 0.0868245368212198, 0.0868245368212198], [0.13991170138784473, 0.13991170138784473, 0.1234594756762612, 0.29419560180669757, 0.22612514914120382, 0.22612514914120382, 0.05185725471725624, 0.05185725471725624, 0.05185725471725624, 0.05185725471725624, 0.08028295996257964, 0.08028295996257964, 0.055135466448433895, 0.043184422646840095, 0.043184422646840095, 0.0611194096623022, 0.06736104876805553, 0.0611194096623022, 0.03832496317549084, 0.0294574016765322, 0.0294574016765322, 0.0294574016765322]], [[0.020186341862090222, 0.020186341862090222, 0.06108336176104, 0.04647971997026615, 0.03572532541537999, 0.03572532541537999, 0.07469412361972806, 0.07469412361972806, 0.07469412361972806, 0.07469412361972806, 0.1133623396961314, 0.1133623396961314, 0.15957654505560473, 0.12416379255186268, 0.12416379255186268, 0.1179185292304731, 0.15801014365224528, 0.1179185292304731, 0.112316087775168, 0.08632859207665496, 0.08632859207665496, 0.08632859207665496], 