{"klaster": 2, "silhouette": 0.06949730784543043, "w": 2, "max_iterasi": 8, "threshold": 0.001, "partition_coefficient": [0.5253853858021184, 0.5076380621741259, 0.5035203206247492, 0.5019485092732104, 0.5014011288157668, 0.5013120014021752], "partition_entropy": [0.9623971900925437, 0.9889330549545425, 0.9949125364843311, 0.9971864902114417, 0.9979772840836315, 0.9981058239544418], "features": ["sebut", "nama", "allah", "maha", "murah", "sayang", "puji", "tuhan", "semesta", "alam", "kuasa", "balas", "engkau", "sembah", "tolong", "tunjuk", "jalan", "lurus", "orang", "nikmat", "murka", "sesat"], "tf": [[1, 0, 0, 0, 0, 0, 0], [1, 0, 0, 0, 0, 0, 0], [1, 1, 0, 0, 0, 0, 0], [2, 0, 2, 0, 0, 0, 0], [1, 0, 1, 0, 0, 0, 0], [1, 0, 1, 0, 0, 0, 0], [0, 1, 0, 0, 0, 0, 0], [0, 1, 0, 0, 0, 0, 0], [0, 1, 0, 0, 0, 0, 0], [0, 1, 0, 0, 0, 0, 0], [0, 0, 0, 1, 0, 0, 0], [0, 0, 0, 1, 0, 0, 0], [0, 0, 0, 0, 2, 0, 1], [0, 0, 0, 0, 1, 0, 0], [0, 0, 0, 0, 1, 0, 0], [0, 0, 0, 0, 0, 1, 0], [0, 0, 0, 0, 0, 1, 3], [0, 0, 0, 0, 0, 1, 0], [0, 0, 0, 0, 0, 0, 2], [0, 0, 0, 0, 0, 0, 1], [0, 0, 0, 0, 0, 0, 1], [0, 0, 0, 0, 0, 0, 1]], "idf": [0.8450980400142568, 0.8450980400142568, 0.5440680443502757, 0.5440680443502757, 0.5440680443502757, 0.5440680443502757, 0.8450980400142568, 0.8450980400142568, 0.8450980400142568, 0.8450980400142568, 0.8450980400142568, 0.8450980400142568, 0.5440680443502757, 0.8450980400142568, 0.8450980400142568, 0.8450980400142568, 0.5440680443502757, 0.8450980400142568, 0.8450980400142568, 0.8450980400142568, 0.8450980400142568, 0.8450980400142568], "tfidf": [[0.8450980400142568, 0, 0, 0, 0, 0, 0], [0.8450980400142568, 0, 0, 0, 0, 0, 0], [0.5440680443502757, 0.5440680443502757, 0, 0, 0, 0, 0], [0.7078488453819499, 0, 0.7078488453819499, 0, 0, 0, 0], [0.5440680443502757, 0, 0.5440680443502757, 0, 0, 0, 0], [0.5440680443502757, 0, 0.5440680443502757, 0, 0, 0, 0], [0, 0.8450980400142568, 0, 0, 0, 0, 0], [0, 0.8450980400142568, 0, 0, 0, 0, 0], [0, 0.8450980400142568, 0, 0, 0, 0, 0], [0, 0.8450980400142568, 0, 0, 0, 0, 0], [0, 0, 0, 0.8450980400142568, 0, 0, 0], [0, 0, 0, 0.8450980400142568, 0, 0, 0], [0, 0, 0, 0, 0.7078488453819499, 0, 0.5440680443502757], [0, 0, 0, 0, 0.8450980400142568, 0, 0], [0, 0, 0, 0, 0.8450980400142568, 0, 0], [0, 0, 0, 0, 0, 0.8450980400142568, 0], [0, 0, 0, 0, 0, 0.5440680443502757, 0.8036544723235521], [0, 0, 0, 0, 0, 0.8450980400142568, 0], [0, 0, 0, 0, 0, 0, 1.0994978993353877], [0, 0, 0, 0, 0, 0, 0.8450980400142568], [0, 0, 0, 0, 0, 0, 0.8450980400142568], [0, 0, 0, 0, 0, 0, 0.8450980400142568]], "tfidf_norm": [[0.5034752194826289, 0.5034752194826289, 0.32413372777212757, 0.4217077024379212, 0.32413372777212757, 0.32413372777212757, 0.0, 0.0, 0.0, 0.0, 0.0, 0.0, 0.0, 0.0, 0.0, 0.0, 0.0, 0.0, 0.0, 0.0, 0.0, 0.0], [0.0, 0.0, 0.306412782904838, 0.0, 0.0, 0.0, 0.47594936875483734, 0.47594936875483734, 0.47594936875483734, 0.47594936875483734, 0.0, 0.0, 0.0, 0.0, 0.0, 0.0, 0.0, 0.0, 0.0, 0.0, 0.0, 0.0], [0.0, 0.0, 0.0, 0.6770434302818068, 0.5203903311516483, 0.5203903311516483, 0.0, 0.0, 0.0, 0.0, 0.0, 0.0, 0.0, 0.0, 0.0, 0.0, 0.0, 0.0, 0.0, 0.0, 0.0, 0.0], [0.0, 0.0, 0.0, 0.0, 0.0, 0.0, 0.0, 0.0, 0.0, 0.0, 0.7071067811865475, 0.7071067811865475, 0.0, 0.0, 0.0, 0.0, 0.0, 0.0, 0.0, 0.0, 0.0, 0.0], [0.0, 0.0, 0.0, 0.0, 0.0, 0.0, 0.0, 0.0, 0.0, 0.0, 0.0, 0.0, 0.5095958222803967, 0.6084045109605805, 0.6084045109605805, 0.0, 0.0, 0.0, 0.0, 0.0, 0.0, 0.0], [0.0, 0.0, 0.0, 0.0, 0.0, 0.0, 0.0, 0.0, 0.0, 0.0, 0.0, 0.0, 0.0, 0.0, 0.0, 0.6435601828481475, 0.41431942038108455, 0.6435601828481475, 0.0, 0.0, 0.0, 0.0], [0.0, 0.0, 0.0, 0.0, 0.0, 0.0, 0.0, 0.0, 0.0, 0.0, 0.0, 0.0, 0.2625763848534279, 0.0, 0.0, 0.0, 0.38785715905444834, 0.0, 0.5306361705293525, 0.40785852155433366, 0.40785852155433366, 0.40785852155433366]], "v": [[[0.06302970341387383, 0.06302970341387383, 0.06570829190449837, 0.1471972236126655, 0.11313899303108944, 0.11313899303108944, 0.03903464180509584, 0.03903464180509584, 0.03903464180509584, 0.03903464180509584, 0.13223197895388858, 0.13223197895388858, 0.08060289339676434, 0.03124971366117437, 0.03124971366117437, 0.13367229864733557, 0.16645450561671196, 0.13367229864733557, 0.10999328697548644, 0.08454323677552977, 0.08454323677552977, 0.08454323677552977], [0.07445324879643613, 0.07445324879643613, 0.10696629854727156, 0.15442522568951697, 0.11869459290268398, 0.11869459290268398, 0.09169694176994947, 0.09169694176994947, 0.09169694176994947, 0.09169694176994947, 0.07293064914845278, 0.07293064914845278, 0.14497895100563693, 0.14435988626826968, 0.14435988626826968, 0.058834160774670546, 0.07342247196848388, 0.058834160774670546, 0.04863055239025452, 0.03737850207322537, 0.03737850207322537, 0.03737850207322537]], [[0.06466927373274842, 0.06466927373274842, 0.07455410745600657, 0.14653165448806202, 0.11262742210127102, 0.11262742210127102, 0.0511352303919598, 0.0511352303919598, 0.0511352303919598, 0.0511352303919598, 0.1185362842094814, 0.1185362842094814, 0.09379048739644281, 0.05532562576634237, 0.05532562576634237, 0.1212536906543453, 0.14815178877537025, 0.1212536906543453, 0.09589108039243939, 0.07370397355327793, 0.07370397355327793, 0.07370397355327793], [0.07726571959493768, 0.07726571959493768, 0.1043641596691171, 0.1629138247602507, 0.12521911508820174, 0.12521911508820174, 0.0848425822984983, 0.0848425822984983, 0.0848425822984983, 0.0848425822984983, 0.08220435649690837, 0.08220435649690837, 0.1302131302123862, 0.12227259453385375, 0.12227259453385375, 0.06444834300408739, 0.08255294016349812, 0.06444834300408739, 0.056177251127555144, 0.04317905914143437, 0.04317905914143437, 0.04317905914143437]], [[0.06449604225981445, 0.06449604225981445, 0.07826297494174334, 0.14443878041677496, 0.11101879349296676, 0.11101879349296676, 0.05706942627994554, 0.05706942627994554, 0.05706942627994554, 0.05706942627994554, 0.11260052027807585, 0.11260052027807585, 0.10140411360317202, 0.06786903488015325, 0.06786903488015325, 0.114526435504819, 0.13954802807179117, 0.114526435504819, 0.09004536287132017, 0.069210827706832, 0.069210827706832, 0.069210827706832], [0.07868111832940443, 0.07868111832940443, 0.10139216758901906, 0.16772800960581455, 0.12891940244637826, 0.12891940244637826, 0.07881080385213704, 0.07881080385213704, 0.07881080385213704, 0.07881080385213704, 0.08875915697364616, 0.08875915697364616, 0.12014946199842097, 0.106898637722637, 0.106898637722637, 0.07074681040537001, 0.09076367285571638, 0.07074681040537001, 0.0618629290236958, 0.04754919504536406, 0.04754919504536406, 0.04754919504536406]], [[0.06379887677870082, 0.06379887677870082, 0.08037401721001841, 0.14187475963833346, 0.10904803126074553, 0.10904803126074553, 0.06104566264535827, 0.06104566264535827, 0.06104566264535827, 0.06104566264535827, 0.10930222556500452, 0.10930222556500452, 0.10692867917386788, 0.07628976575234926, 0.07628976575234926, 0.10976427273074674, 0.13422427493441014, 0.10976427273074674, 0.08695626916814576, 0.06683648298498113, 0.06683648298498113, 0.06683648298498113], [0.0799111728473221, 0.0799111728473221, 0.09955573579968531, 0.1714886550554231, 0.131809916471529, 0.131809916471529, 0.07472822946671054, 0.07472822946671054, 0.07472822946671054, 0.07472822946671054, 0.0923395561867134, 0.0923395561867134, 0.11376180918077798, 0.09746739561497801, 0.09746739561497801, 0.07511148080027197, 0.0958068710756798, 0.07511148080027197, 0.06491829551991937, 0.049897616301143234, 0.049897616301143234, 0.049897616301143234]], [[0.06284968991126298, 0.06284968991126298, 0.08153818460619255, 0.1391310136381499, 0.10693912830744869, 0.10693912830744869, 0.0638031446239897, 0.0638031446239897, 0.0638031446239897, 0.0638031446239897, 0.10754756471718487, 0.10754756471718487, 0.1109584332275941, 0.08201717068662115, 0.08201717068662115, 0.10652101781875337, 0.13100262294080692, 0.10652101781875337, 0.085405272567556, 0.0656443532064527, 0.0656443532064527, 0.0656443532064527], [0.08113152341287386, 0.08113152341287386, 0.09852183645564505, 