{"klaster": 2, "silhouette": 0.06949730784543043, "w": 5, "max_iterasi": 100, "threshold": 0.001, "partition_coefficient": [0.24469337709323524, 0.06992801739812252, 0.0641365388287586, 0.06298270411015942, 0.0626843330454419], "partition_entropy": [0.8085447221338563, 0.9915019058779687, 0.9981143125830296, 0.9994431027936796, 0.9997872837958861], "features": ["sebut", "nama", "allah", "maha", "murah", "sayang", "puji", "tuhan", "semesta", "alam", "kuasa", "balas", "engkau", "sembah", "tolong", "tunjuk", "jalan", "lurus", "orang", "nikmat", "murka", "sesat"], "tf": [[1, 0, 0, 0, 0, 0, 0], [1, 0, 0, 0, 0, 0, 0], [1, 1, 0, 0, 0, 0, 0], [2, 0, 2, 0, 0, 0, 0], [1, 0, 1, 0, 0, 0, 0], [1, 0, 1, 0, 0, 0, 0], [0, 1, 0, 0, 0, 0, 0], [0, 1, 0, 0, 0, 0, 0], [0, 1, 0, 0, 0, 0, 0], [0, 1, 0, 0, 0, 0, 0], [0, 0, 0, 1, 0, 0, 0], [0, 0, 0, 1, 0, 0, 0], [0, 0, 0, 0, 2, 0, 1], [0, 0, 0, 0, 1, 0, 0], [0, 0, 0, 0, 1, 0, 0], [0, 0, 0, 0, 0, 1, 0], [0, 0, 0, 0, 0, 1, 3], [0, 0, 0, 0, 0, 1, 0], [0, 0, 0, 0, 0, 0, 2], [0, 0, 0, 0, 0, 0, 1], [0, 0, 0, 0, 0, 0, 1], [0, 0, 0, 0, 0, 0, 1]], "idf": [0.8450980400142568, 0.8450980400142568, 0.5440680443502757, 0.5440680443502757, 0.5440680443502757, 0.5440680443502757, 0.8450980400142568, 0.8450980400142568, 0.8450980400142568, 0.8450980400142568, 0.8450980400142568, 0.8450980400142568, 0.5440680443502757, 0.8450980400142568, 0.8450980400142568, 0.8450980400142568, 0.5440680443502757, 0.8450980400142568, 0.8450980400142568, 0.8450980400142568, 0.8450980400142568, 0.8450980400142568], "tfidf": [[0.8450980400142568, 0, 0, 0, 0, 0, 0], [0.8450980400142568, 0, 0, 0, 0, 0, 0], [0.5440680443502757, 0.5440680443502757, 0, 0, 0, 0, 0], [0.7078488453819499, 0, 0.7078488453819499, 0, 0, 0, 0], [0.5440680443502757, 0, 0.5440680443502757, 0, 0, 0, 0], [0.5440680443502757, 0, 0.5440680443502757, 0, 0, 0, 0], [0, 0.8450980400142568, 0, 0, 0, 0, 0], [0, 0.8450980400142568, 0, 0, 0, 0, 0], [0, 0.8450980400142568, 0, 0, 0, 0, 0], [0, 0.8450980400142568, 0, 0, 0, 0, 0], [0, 0, 0, 0.8450980400142568, 0, 0, 0], [0, 0, 0, 0.8450980400142568, 0, 0, 0], [0, 0, 0, 0, 0.7078488453819499, 0, 0.5440680443502757], [0, 0, 0, 0, 0.8450980400142568, 0, 0], [0, 0, 0, 0, 0.8450980400142568, 0, 0], [0, 0, 0, 0, 0, 0.8450980400142568, 0], [0, 0, 0, 0, 0, 0.5440680443502757, 0.8036544723235521], [0, 0, 0, 0, 0, 0.8450980400142568, 0], [0, 0, 0, 0, 0, 0, 1.0994978993353877], [0, 0, 0, 0, 0, 0, 0.8450980400142568], [0, 0, 0, 0, 0, 0, 0.8450980400142568], [0, 0, 0, 0, 0, 0, 0.8450980400142568]], "tfidf_norm": [[0.5034752194826289, 0.5034752194826289, 0.32413372777212757, 0.4217077024379212, 0.32413372777212757, 0.32413372777212757, 0.0, 0.0, 0.0, 0.0, 0.0, 0.0, 0.0, 0.0, 0.0, 0.0, 0.0, 0.0, 0.0, 0.0, 0.0, 0.0], [0.0, 0.0, 0.306412782904838, 0.0, 0.0, 0.0, 0.47594936875483734, 0.47594936875483734, 0.47594936875483734, 0.47594936875483734, 0.0, 0.0, 0.0, 0.0, 0.0, 0.0, 0.0, 0.0, 0.0, 0.0, 0.0, 0.0], [0.0, 0.0, 0.0, 0.6770434302818068, 0.5203903311516483, 0.5203903311516483, 0.0, 0.0, 0.0, 0.0, 0.0, 0.0, 0.0, 0.0, 0.0, 0.0, 0.0, 0.0, 0.0, 0.0, 0.0, 0.0], [0.0, 0.0, 0.0, 0.0, 0.0, 0.0, 0.0, 0.0, 0.0, 0.0, 0.7071067811865475, 0.7071067811865475, 0.0, 0.0, 0.0, 0.0, 0.0, 0.0, 0.0, 0.0, 0.0, 0.0], [0.0, 0.0, 0.0, 0.0, 0.0, 0.0, 0.0, 0.0, 0.0, 0.0, 0.0, 0.0, 0.5095958222803967, 0.6084045109605805, 0.6084045109605805, 0.0, 0.0, 0.0, 0.0, 0.0, 0.0, 0.0], [0.0, 0.0, 0.0, 0.0, 0.0, 0.0, 0.0, 0.0, 0.0, 0.0, 0.0, 0.0, 0.0, 0.0, 0.0, 0.6435601828481475, 0.41431942038108455, 0.6435601828481475, 0.0, 0.0, 0.0, 0.0], [0.0, 0.0, 0.0, 0.0, 0.0, 0.0, 0.0, 0.0, 0.0, 0.0, 0.0, 0.0, 0.2625763848534279, 0.0, 0.0, 0.0, 0.38785715905444834, 0.0, 0.5306361705293525, 0.40785852155433366, 0.40785852155433366, 0.40785852155433366]], "v": [[[0.0007029543322201916, 0.0007029543322201916, 0.0004927046928217816, 0.019633226250513065, 0.015090525442108075, 0.015090525442108075, 6.236128323147166e-05, 6.236128323147166e-05, 6.236128323147166e-05, 6.236128323147166e-05, 0.0013504834265308575, 0.0013504834265308575, 0.3266021931088349, 0.33530801898457574, 0.33530801898457574, 0.15643093386311258, 0.16828783454678597, 0.15643093386311258, 0.09245598352242315, 0.07106368325907675, 0.07106368325907675, 0.07106368325907675], [0.12735905451779153, 0.12735905451779153, 0.22570763397142224, 0.13823560580727653, 0.10625089834053203, 0.10625089834053203, 0.22323142964359932, 0.22323142964359932, 0.22323142964359932, 0.22323142964359932, 0.15959817279991698, 0.15959817279991698, 0.0010515988060515243, 4.474490780798214e-05, 4.474490780798214e-05, 0.0011325633495575195, 0.0022271154599385725, 0.0011325633495575195, 0.002049419454746129, 0.0015752284432921217, 0.0015752284432921217, 0.0015752284432921217]], [[0.042592893898655615, 0.042592893898655615, 0.04391250528590069, 0.106149991798346, 0.08158919636912162, 0.08158919636912162, 0.025616170270050434, 0.025616170270050434, 0.025616170270050434, 0.025616170270050434, 0.06965035311270429, 0.06965035311270429, 0.20682798085116771, 0.19276385824060951, 0.19276385824060951, 0.10899691500674095, 0.13718868169988868, 0.10899691500674095, 0.09168782037740819, 0.07047325632997054, 0.07047325632997054, 0.07047325632997054], [0.09378011072264296, 0.09378011072264296, 0.1416463424071433, 0.18360957814330306, 0.1411263220334884, 0.1411263220334884, 0.12623841009751746, 0.12623841009751746, 0.12623841009751746, 0.12623841009751746, 0.11535370021196632, 0.11535370021196632, 0.04600842207195241, 0.02583283411276948, 0.02583283411276948, 0.06108365449010166, 0.07532414191468075, 0.06108365449010166, 0.04925094411217115, 0.03785534866706583, 0.03785534866706583, 0.03785534866706583]], [[0.05449669085952205, 0.05449669085952205, 0.06606257640332301, 0.1250364308850495, 0.09610572492699303, 0.09610572492699303, 0.048117962613485374, 0.048117962613485374, 0.048117962613485374, 0.048117962613485374, 0.09157350535970273, 0.09157350535970273, 0.15455544620210052, 0.13146806673522674, 0.13146806673522674, 0.10204797404826617, 0.13133897322355118, 0.10204797404826617, 0.08980524223036013, 0.06902626575072005, 0.06902626575072005, 0.06902626575072005], [0.08896923826337684, 0.08896923826337684, 0.1148173653720568, 0.1857035170319228, 0.1427357690835936, 0.1427357690835936, 0.08937597322832404, 0.08937597322832404, 0.08937597322832404, 0.08937597322832404, 0.10568300074050181, 0.10568300074050181, 0.07378943716303837, 0.05244064063649637, 0.05244064063649637, 0.07844601858920504, 0.09461792382075626, 0.07844601858920504, 0.060354650496724414, 0.04638989930891055, 0.04638989930891055, 0.04638989930891055]], [[0.059923874325909295, 0.059923874325909295, 0.07713174541987469, 0.1338461900919836, 0.10287709779025896, 0.10287709779025896, 0.0598844613300786, 0.0598844613300786, 0.0598844613300786, 0.0598844613300786, 0.0990653196669447, 0.0990653196669447, 0.13208082861301332, 0.10686489849502634, 0.10686489849502634, 0.09893002854751012, 0.1265736444658592, 0.09893002854751012, 0.08603193549160289, 0.06612601998288015, 0.06612601998288015, 0.06612601998288015], [0.08447187442752124, 0.08447187442752124, 0.10317291047674176, 0.18042992352604317, 0.13868237022003532, 0.13868237022003532, 0.07578606634270782, 0.07578606634270782, 0.07578606634270782, 0.07578606634270782, 0.10142898957760339, 0.10142898957760339, 0.09023281847978899, 0.06899601326944842, 0.06899601326944842, 0.08404692422620463, 0.10202985159305963, 0.08404692422620463, 0.06556186898619605, 0.050392280888755775, 0.050392280888755775, 0.050392280888755775]], [[0.06338642866158074, 0.06338642866158074, 0.08267274374900406, 0.1398844290437835, 0.10751821980275975, 0.10751821980275975, 0.06502871064019293, 0.06502871064019293, 0.06502871064019293, 0.06502871064019293, 0.10156849287062866, 0.10156849287062866, 0.12200606390920349, 0.09677666368816479, 0.09677666368816479, 0.09694092419516477, 0.12289286629856044, 0.09694092419516477, 0.08274815778041486, 0.06360203689092064, 0.06360203689092064, 0.06360203689092064], 