{"klaster": 2, "silhouette": 0.13476884620994165, "w": 2, "max_iterasi": 100, "threshold": 0.001, "partition_coefficient": [0.635992484856637, 0.5497274335228512, 0.5330532080336945, 0.5292006470781961, 0.5290868177198162, 0.5301055558956583, 0.5313812463711383], "partition_entropy": [0.7871274111436458, 0.9259996366493137, 0.9512460338712654, 0.957014618009287, 0.9571643177907063, 0.955619391717556, 0.9536899593223165], "features": ["sebut", "nama", "allah", "maha", "murah", "sayang", "puji", "tuhan", "semesta", "alam", "kuasa", "balas", "engkau", "sembah", "tolong", "tunjuk", "jalan", "lurus", "orang", "nikmat", "murka", "sesat"], "tf": [[1, 0, 0, 0, 0, 0, 0], [1, 0, 0, 0, 0, 0, 0], [1, 1, 0, 0, 0, 0, 0], [2, 0, 2, 0, 0, 0, 0], [1, 0, 1, 0, 0, 0, 0], [1, 0, 1, 0, 0, 0, 0], [0, 1, 0, 0, 0, 0, 0], [0, 1, 0, 0, 0, 0, 0], [0, 1, 0, 0, 0, 0, 0], [0, 1, 0, 0, 0, 0, 0], [0, 0, 0, 1, 0, 0, 0], [0, 0, 0, 1, 0, 0, 0], [0, 0, 0, 0, 2, 0, 1], [0, 0, 0, 0, 1, 0, 0], [0, 0, 0, 0, 1, 0, 0], [0, 0, 0, 0, 0, 1, 0], [0, 0, 0, 0, 0, 1, 3], [0, 0, 0, 0, 0, 1, 0], [0, 0, 0, 0, 0, 0, 2], [0, 0, 0, 0, 0, 0, 1], [0, 0, 0, 0, 0, 0, 1], [0, 0, 0, 0, 0, 0, 1]], "idf": [0.8450980400142568, 0.8450980400142568, 0.5440680443502757, 0.5440680443502757, 0.5440680443502757, 0.5440680443502757, 0.8450980400142568, 0.8450980400142568, 0.8450980400142568, 0.8450980400142568, 0.8450980400142568, 0.8450980400142568, 0.5440680443502757, 0.8450980400142568, 0.8450980400142568, 0.8450980400142568, 0.5440680443502757, 0.8450980400142568, 0.8450980400142568, 0.8450980400142568, 0.8450980400142568, 0.8450980400142568], "tfidf": [[0.8450980400142568, 0, 0, 0, 0, 0, 0], [0.8450980400142568, 0, 0, 0, 0, 0, 0], [0.5440680443502757, 0.5440680443502757, 0, 0, 0, 0, 0], [0.7078488453819499, 0, 0.7078488453819499, 0, 0, 0, 0], [0.5440680443502757, 0, 0.5440680443502757, 0, 0, 0, 0], [0.5440680443502757, 0, 0.5440680443502757, 0, 0, 0, 0], [0, 0.8450980400142568, 0, 0, 0, 0, 0], [0, 0.8450980400142568, 0, 0, 0, 0, 0], [0, 0.8450980400142568, 0, 0, 0, 0, 0], [0, 0.8450980400142568, 0, 0, 0, 0, 0], [0, 0, 0, 0.8450980400142568, 0, 0, 0], [0, 0, 0, 0.8450980400142568, 0, 0, 0], [0, 0, 0, 0, 0.7078488453819499, 0, 0.5440680443502757], [0, 0, 0, 0, 0.8450980400142568, 0, 0], [0, 0, 0, 0, 0.8450980400142568, 0, 0], [0, 0, 0, 0, 0, 0.8450980400142568, 0], [0, 0, 0, 0, 0, 0.5440680443502757, 0.8036544723235521], [0, 0, 0, 0, 0, 0.8450980400142568, 0], [0, 0, 0, 0, 0, 0, 1.0994978993353877], [0, 0, 0, 0, 0, 0, 0.8450980400142568], [0, 0, 0, 0, 0, 0, 0.8450980400142568], [0, 0, 0, 0, 0, 0, 0.8450980400142568]], "tfidf_norm": [[0.5034752194826289, 0.5034752194826289, 0.32413372777212757, 0.4217077024379212, 0.32413372777212757, 0.32413372777212757, 0.0, 0.0, 0.0, 0.0, 0.0, 0.0, 0.0, 0.0, 0.0, 0.0, 0.0, 0.0, 0.0, 0.0, 0.0, 0.0], [0.0, 0.0, 0.306412782904838, 0.0, 0.0, 0.0, 0.47594936875483734, 0.47594936875483734, 0.47594936875483734, 0.47594936875483734, 0.0, 0.0, 0.0, 0.0, 0.0, 0.0, 0.0, 0.0, 0.0, 0.0, 0.0, 0.0], [0.0, 0.0, 0.0, 0.6770434302818068, 0.5203903311516483, 0.5203903311516483, 0.0, 0.0, 0.0, 0.0, 0.0, 0.0, 0.0, 0.0, 0.0, 0.0, 0.0, 0.0, 0.0, 0.0, 0.0, 0.0], [0.0, 0.0, 0.0, 0.0, 0.0, 0.0, 0.0, 0.0, 0.0, 0.0, 0.7071067811865475, 0.7071067811865475, 0.0, 0.0, 0.0, 0.0, 0.0, 0.0, 0.0, 0.0, 0.0, 0.0], [0.0, 0.0, 0.0, 0.0, 0.0, 0.0, 0.0, 0.0, 0.0, 0.0, 0.0, 0.0, 0.5095958222803967, 0.6084045109605805, 0.6084045109605805, 0.0, 0.0, 0.0, 0.0, 0.0, 0.0, 0.0], [0.0, 0.0, 0.0, 0.0, 0.0, 0.0, 0.0, 0.0, 0.0, 0.0, 0.0, 0.0, 0.0, 0.0, 0.0, 0.6435601828481475, 0.41431942038108455, 0.6435601828481475, 0.0, 0.0, 0.0, 0.0], [0.0, 0.0, 0.0, 0.0, 0.0, 0.0, 0.0, 0.0, 0.0, 0.0, 0.0, 0.0, 0.2625763848534279, 0.0, 0.0, 0.0, 0.38785715905444834, 0.0, 0.5306361705293525, 0.40785852155433366, 0.40785852155433366, 0.40785852155433366]], "v": [[[0.1301241522109466, 0.1301241522109466, 0.14204492639840063, 0.24638935817976634, 0.18938022874255211, 0.18938022874255211, 0.09051348703252593, 0.09051348703252593, 0.09051348703252593, 0.09051348703252593, 0.02858648325883702, 0.02858648325883702, 0.104356110488404, 0.07023351968656164, 0.07023351968656164, 0.012340597362672142, 0.07519657150368514, 0.012340597362672142, 0.09200868950215269, 0.0707198833299735, 0.0707198833299735, 0.0707198833299735], [0.0037872246906622982, 0.0037872246906622982, 0.014506391050868444, 0.02419367358906547, 0.018595784624257043, 0.018595784624257043, 0.01874547645227897, 0.01874547645227897, 0.01874547645227897, 0.01874547645227897, 0.22308919032551802, 0.22308919032551802, 0.07523294203421083, 0.07339771187982021, 0.07339771187982021, 0.27899711687636947, 0.19993484540483986, 0.27899711687636947, 0.02779820961631085, 0.02136630954624841, 0.02136630954624841, 0.02136630954624841]], [[0.12566000753803835, 0.12566000753803835, 0.1317751058209024, 0.25885540322408757, 0.19896190255934917, 0.19896190255934917, 0.07902557326078455, 0.07902557326078455, 0.07902557326078455, 0.07902557326078455, 0.044215098149128294, 0.044215098149128294, 0.09940412378055904, 0.07594317311467277, 0.07594317311467277, 0.021771279199272738, 0.06688915136899029, 0.021771279199272738, 0.07233669266688736, 0.0555995579717363, 0.0555995579717363, 0.0555995579717363], [0.021403388601200123, 0.021403388601200123, 0.04305567839094087, 0.05442743520183431, 0.041834112497965315, 0.041834112497965315, 0.04547477084505202, 0.04547477084505202, 0.04547477084505202, 0.04547477084505202, 0.16633169051887653, 0.16633169051887653, 0.10213506963188998, 0.08312766177481581, 0.08312766177481581, 0.20102767309223318, 0.17743822030648415, 0.20102767309223318, 0.06569458146358208, 0.05049428659026023, 0.05049428659026023, 0.05049428659026023]], [[0.12608678874111187, 0.12608678874111187, 0.12623583846253034, 0.26539157321047746, 0.20398574521337975, 0.20398574521337975, 0.06999467711972474, 0.06999467711972474, 0.06999467711972474, 0.06999467711972474, 0.05701125482920768, 0.05701125482920768, 0.09031347513452444, 0.07259971979579857, 0.07259971979579857, 0.03487122374054256, 0.06603142372641779, 0.03487122374054256, 0.059624948116049, 0.045829034161214234, 0.045829034161214234, 0.045829034161214234], [0.025552513241926395, 0.025552513241926395, 0.05355560701373696, 0.06060801470704371, 0.04658464056096753, 0.04658464056096753, 0.05763513026897291, 0.05763513026897291, 0.05763513026897291, 0.05763513026897291, 0.14474040479715583, 0.14474040479715583, 0.11840926544263765, 0.09154949538375456, 0.09154949538375456, 0.16485427003225356, 0.1677692794006961, 0.16485427003225356, 0.08432736693360664, 0.06481585145204137, 0.06481585145204137, 0.06481585145204137]], [[0.12723179060078332, 0.12723179060078332, 0.12317629045454316, 0.2704556799445204, 0.2078781279800495, 0.2078781279800495, 0.06409729538454118, 0.06409729538454118, 0.06409729538454118, 0.06409729538454118, 0.06450696743725777, 0.06450696743725777, 0.08293517728255909, 0.06809591808928057, 0.06809591808928057, 0.044259732092390286, 0.06674926488183361, 0.044259732092390286, 0.05233776169954607, 0.04022794391672381, 0.04022794391672381, 0.04022794391672381], [0.02606577074348226, 0.02606577074348226, 0.058258706552517, 0.06037744241589763, 0.046407417674550984, 0.046407417674550984, 0.0644271726163751, 0.0644271726163751, 0.0644271726163751, 0.0644271726163751, 0.13385919065431393, 0.13385919065431393, 0.12903851603484728, 0.09805662749890129, 0.09805662749890129, 0.14596904094231736, 0.16326099351236062, 0.14596904094231736, 0.0947933532895818, 0.07286023658601659, 0.07286023658601659, 0.07286023658601659]], [[0.128585157983788, 0.128585157983788, 0.1216563361627682, 0.27487145078340885, 0.21127218565251302, 0.21127218565251302, 0.06038299097127177, 0.06038299097127177, 0.06038299097127177, 0.06038299097127177, 0.0686303008905388, 0.0686303008905388, 0.07759698557887147, 0.06423356071927105, 0.06423356071927105, 0.049919625638006455, 0.06728652217375243, 0.049919625638006455, 0.04808763186762167, 0.03696120153100707, 0.03696120153100707, 