{"klaster": 2, "silhouette": 0.08043307107001432, "w": 2, "max_iterasi": 8, "threshold": 0.001, "partition_coefficient": [0.6488928847207788, 0.5451325538896555, 0.5207292413018032, 0.5116712066302616, 0.508481882628179, 0.5078643710712486, 0.5084817874741128, 0.5097668064392105], "partition_entropy": [0.7551560118728762, 0.9317484408246013, 0.9693800535133497, 0.9829662276493605, 0.9876818618943438, 0.9885906671154927, 0.9876889504145001, 0.9858094312582001], "features": ["sebut", "nama", "allah", "maha", "murah", "sayang", "puji", "tuhan", "semesta", "alam", "kuasa", "balas", "engkau", "sembah", "tolong", "tunjuk", "jalan", "lurus", "orang", "nikmat", "murka", "sesat"], "tf": [[1, 0, 0, 0, 0, 0, 0], [1, 0, 0, 0, 0, 0, 0], [1, 1, 0, 0, 0, 0, 0], [2, 0, 2, 0, 0, 0, 0], [1, 0, 1, 0, 0, 0, 0], [1, 0, 1, 0, 0, 0, 0], [0, 1, 0, 0, 0, 0, 0], [0, 1, 0, 0, 0, 0, 0], [0, 1, 0, 0, 0, 0, 0], [0, 1, 0, 0, 0, 0, 0], [0, 0, 0, 1, 0, 0, 0], [0, 0, 0, 1, 0, 0, 0], [0, 0, 0, 0, 2, 0, 1], [0, 0, 0, 0, 1, 0, 0], [0, 0, 0, 0, 1, 0, 0], [0, 0, 0, 0, 0, 1, 0], [0, 0, 0, 0, 0, 1, 3], [0, 0, 0, 0, 0, 1, 0], [0, 0, 0, 0, 0, 0, 2], [0, 0, 0, 0, 0, 0, 1], [0, 0, 0, 0, 0, 0, 1], [0, 0, 0, 0, 0, 0, 1]], "idf": [0.8450980400142568, 0.8450980400142568, 0.5440680443502757, 0.5440680443502757, 0.5440680443502757, 0.5440680443502757, 0.8450980400142568, 0.8450980400142568, 0.8450980400142568, 0.8450980400142568, 0.8450980400142568, 0.8450980400142568, 0.5440680443502757, 0.8450980400142568, 0.8450980400142568, 0.8450980400142568, 0.5440680443502757, 0.8450980400142568, 0.8450980400142568, 0.8450980400142568, 0.8450980400142568, 0.8450980400142568], "tfidf": [[0.8450980400142568, 0, 0, 0, 0, 0, 0], [0.8450980400142568, 0, 0, 0, 0, 0, 0], [0.5440680443502757, 0.5440680443502757, 0, 0, 0, 0, 0], [0.7078488453819499, 0, 0.7078488453819499, 0, 0, 0, 0], [0.5440680443502757, 0, 0.5440680443502757, 0, 0, 0, 0], [0.5440680443502757, 0, 0.5440680443502757, 0, 0, 0, 0], [0, 0.8450980400142568, 0, 0, 0, 0, 0], [0, 0.8450980400142568, 0, 0, 0, 0, 0], [0, 0.8450980400142568, 0, 0, 0, 0, 0], [0, 0.8450980400142568, 0, 0, 0, 0, 0], [0, 0, 0, 0.8450980400142568, 0, 0, 0], [0, 0, 0, 0.8450980400142568, 0, 0, 0], [0, 0, 0, 0, 0.7078488453819499, 0, 0.5440680443502757], [0, 0, 0, 0, 0.8450980400142568, 0, 0], [0, 0, 0, 0, 0.8450980400142568, 0, 0], [0, 0, 0, 0, 0, 0.8450980400142568, 0], [0, 0, 0, 0, 0, 0.5440680443502757, 0.8036544723235521], [0, 0, 0, 0, 0, 0.8450980400142568, 0], [0, 0, 0, 0, 0, 0, 1.0994978993353877], [0, 0, 0, 0, 0, 0, 0.8450980400142568], [0, 0, 0, 0, 0, 0, 0.8450980400142568], [0, 0, 0, 0, 0, 0, 0.8450980400142568]], "tfidf_norm": [[0.5034752194826289, 0.5034752194826289, 0.32413372777212757, 0.4217077024379212, 0.32413372777212757, 0.32413372777212757, 0.0, 0.0, 0.0, 0.0, 0.0, 0.0, 0.0, 0.0, 0.0, 0.0, 0.0, 0.0, 0.0, 0.0, 0.0, 0.0], [0.0, 0.0, 0.306412782904838, 0.0, 0.0, 0.0, 0.47594936875483734, 0.47594936875483734, 0.47594936875483734, 0.47594936875483734, 0.0, 0.0, 0.0, 0.0, 0.0, 0.0, 0.0, 0.0, 0.0, 0.0, 0.0, 0.0], [0.0, 0.0, 0.0, 0.6770434302818068, 0.5203903311516483, 0.5203903311516483, 0.0, 0.0, 0.0, 0.0, 0.0, 0.0, 0.0, 0.0, 0.0, 0.0, 0.0, 0.0, 0.0, 0.0, 0.0, 0.0], [0.0, 0.0, 0.0, 0.0, 0.0, 0.0, 0.0, 0.0, 0.0, 0.0, 0.7071067811865475, 0.7071067811865475, 0.0, 0.0, 0.0, 0.0, 0.0, 0.0, 0.0, 0.0, 0.0, 0.0], [0.0, 0.0, 0.0, 0.0, 0.0, 0.0, 0.0, 0.0, 0.0, 0.0, 0.0, 0.0, 0.5095958222803967, 0.6084045109605805, 0.6084045109605805, 0.0, 0.0, 0.0, 0.0, 0.0, 0.0, 0.0], [0.0, 0.0, 0.0, 0.0, 0.0, 0.0, 0.0, 0.0, 0.0, 0.0, 0.0, 0.0, 0.0, 0.0, 0.0, 0.6435601828481475, 0.41431942038108455, 0.6435601828481475, 0.0, 0.0, 0.0, 0.0], [0.0, 0.0, 0.0, 0.0, 0.0, 0.0, 0.0, 0.0, 0.0, 0.0, 0.0, 0.0, 0.2625763848534279, 0.0, 0.0, 0.0, 0.38785715905444834, 0.0, 0.5306361705293525, 0.40785852155433366, 0.40785852155433366, 0.40785852155433366]], "v": [[[0.05459254511176096, 0.05459254511176096, 0.04852719243503714, 0.07302725514891674, 0.056130339340598544, 0.056130339340598544, 0.02078448840473392, 0.02078448840473392, 0.02078448840473392, 0.02078448840473392, 0.37478585876794696, 0.37478585876794696, 0.08259820893918704, 0.02945794801166906, 0.02945794801166906, 0.0054892415786286924, 0.08909531955747428, 0.0054892415786286924, 0.1170584705496775, 0.08997369079867881, 0.08997369079867881, 0.08997369079867881], [0.05755183656652887, 0.05755183656652887, 0.09431435583601964, 0.17850178724018367, 0.13720036266272645, 0.13720036266272645, 0.0889461577374937, 0.0889461577374937, 0.0889461577374937, 0.0889461577374937, 0.0004744766548531283, 0.0004744766548531283, 0.10512489075429982, 0.10918646156734846, 0.10918646156734846, 0.1764386265961098, 0.13378363229073867, 0.1764386265961098, 0.02762747588288522, 0.021235079878988896, 0.021235079878988896, 0.021235079878988896]], [[0.048334638181451686, 0.048334638181451686, 0.06039157133148438, 0.09914251973485982, 0.0762031006704518, 0.0762031006704518, 0.04547127285411854, 0.04547127285411854, 0.04547127285411854, 0.04547127285411854, 0.2720964061670836, 0.2720964061670836, 0.09547826101521906, 0.06285113056816655, 0.06285113056816655, 0.04542431391838101, 0.09251566546960419, 0.04542431391838101, 0.08656360920747067, 0.06653467598438642, 0.06653467598438642, 0.06653467598438642], [0.0844486730933087, 0.0844486730933087, 0.10593017892579211, 0.19207622871018862, 0.14763397412075993, 0.14763397412075993, 0.08009211829879116, 0.08009211829879116, 0.08009211829879116, 0.08009211829879116, 0.012531912055371514, 0.012531912055371514, 0.10910389143597751, 0.09698036107481836, 0.09698036107481836, 0.1296689517846269, 0.12465284203059715, 0.1296689517846269, 0.0563295815741644, 0.043296143641497344, 0.043296143641497344, 0.043296143641497344]], [[0.048395191523627305, 0.048395191523627305, 0.06777085122704796, 0.10644115921995477, 0.08181299399298822, 0.08181299399298822, 0.05687291627430681, 0.05687291627430681, 0.05687291627430681, 0.05687291627430681, 0.21169390011395656, 0.21169390011395656, 0.10537709768225129, 0.07807084747957797, 0.07807084747957797, 0.06889863735554627, 0.1034197952103083, 0.06889863735554627, 0.08080590467587405, 0.06210917883921247, 0.06210917883921247, 0.06210917883921247], [0.09207609393676863, 0.09207609393676863, 0.10683859678185627, 0.1998693745839159, 0.15362395582733082, 0.15362395582733082, 0.07387573814710824, 0.07387573814710824, 0.07387573814710824, 0.07387573814710824, 0.02932692129259757, 0.02932692129259757, 0.10692704608787666, 0.08884161896139771, 0.08884161896139771, 0.108940541918009, 0.11816205214087604, 0.108940541918009, 0.06570670993148608, 0.05050360879493223, 0.05050360879493223, 0.05050360879493223]], [[0.04840077379441366, 0.04840077379441366, 0.07198538641489224, 0.10768148238565878, 0.08276633340087096, 0.08276633340087096, 0.06341374940836507, 0.06341374940836507, 0.06341374940836507, 0.06341374940836507, 0.17460178046973554, 0.17460178046973554, 0.11288550238877568, 0.08683013468735855, 0.08683013468735855, 0.08294520419904207, 0.11271646674937834, 0.08294520419904207, 0.081152850678008, 0.06237584909530975, 0.06237584909530975, 0.06237584909530975], [0.09538179340709743, 0.09538179340709743, 0.10613393169509856, 0.20539991938379853, 0.15787485305361665, 0.15787485305361665, 0.06947548609301839, 0.06947548609301839, 0.06947548609301839, 0.06947548609301839, 0.045767929476574175, 0.045767929476574175, 0.10309112468705002, 0.08316004994627478, 0.08316004994627478, 0.09682414636359961, 0.11172487642534032, 0.09682414636359961, 0.06757183415852071, 0.051937183910994604, 0.051937183910994604, 0.051937183910994604]], [[0.04764375030383777, 0.04764375030383777, 0.0740099254132268, 0.105976851475064, 0.08145611694446649, 0.08145611694446649, 0.06731547870769354, 0.06731547870769354, 0.06731547870769354, 0.06731547870769354, 0.15181592103919572, 0.15181592103919572, 0.11856597048782358, 0.09233532451113044, 0.09233532451113044, 0.09194860110387928, 0.12009235663522062, 0.09194860110387928, 0.0833138930057972, 