{"klaster": 2, "silhouette": 0.08043307107001432, "w": 2, "max_iterasi": 6, "threshold": 0.001, "partition_coefficient": [0.5109234366233282, 0.5050894094706367, 0.5041067526353209, 0.5042902381711319, 0.5049873100470648, 0.5060127631509984], "partition_entropy": [0.9841294186434111, 0.9926364512674088, 0.9940607791751066, 0.9937928799550004, 0.9927797866982485, 0.9912883604926263], "features": ["sebut", "nama", "allah", "maha", "murah", "sayang", "puji", "tuhan", "semesta", "alam", "kuasa", "balas", "engkau", "sembah", "tolong", "tunjuk", "jalan", "lurus", "orang", "nikmat", "murka", "sesat"], "tf": [[1, 0, 0, 0, 0, 0, 0], [1, 0, 0, 0, 0, 0, 0], [1, 1, 0, 0, 0, 0, 0], [2, 0, 2, 0, 0, 0, 0], [1, 0, 1, 0, 0, 0, 0], [1, 0, 1, 0, 0, 0, 0], [0, 1, 0, 0, 0, 0, 0], [0, 1, 0, 0, 0, 0, 0], [0, 1, 0, 0, 0, 0, 0], [0, 1, 0, 0, 0, 0, 0], [0, 0, 0, 1, 0, 0, 0], [0, 0, 0, 1, 0, 0, 0], [0, 0, 0, 0, 2, 0, 1], [0, 0, 0, 0, 1, 0, 0], [0, 0, 0, 0, 1, 0, 0], [0, 0, 0, 0, 0, 1, 0], [0, 0, 0, 0, 0, 1, 3], [0, 0, 0, 0, 0, 1, 0], [0, 0, 0, 0, 0, 0, 2], [0, 0, 0, 0, 0, 0, 1], [0, 0, 0, 0, 0, 0, 1], [0, 0, 0, 0, 0, 0, 1]], "idf": [0.8450980400142568, 0.8450980400142568, 0.5440680443502757, 0.5440680443502757, 0.5440680443502757, 0.5440680443502757, 0.8450980400142568, 0.8450980400142568, 0.8450980400142568, 0.8450980400142568, 0.8450980400142568, 0.8450980400142568, 0.5440680443502757, 0.8450980400142568, 0.8450980400142568, 0.8450980400142568, 0.5440680443502757, 0.8450980400142568, 0.8450980400142568, 0.8450980400142568, 0.8450980400142568, 0.8450980400142568], "tfidf": [[0.8450980400142568, 0, 0, 0, 0, 0, 0], [0.8450980400142568, 0, 0, 0, 0, 0, 0], [0.5440680443502757, 0.5440680443502757, 0, 0, 0, 0, 0], [0.7078488453819499, 0, 0.7078488453819499, 0, 0, 0, 0], [0.5440680443502757, 0, 0.5440680443502757, 0, 0, 0, 0], [0.5440680443502757, 0, 0.5440680443502757, 0, 0, 0, 0], [0, 0.8450980400142568, 0, 0, 0, 0, 0], [0, 0.8450980400142568, 0, 0, 0, 0, 0], [0, 0.8450980400142568, 0, 0, 0, 0, 0], [0, 0.8450980400142568, 0, 0, 0, 0, 0], [0, 0, 0, 0.8450980400142568, 0, 0, 0], [0, 0, 0, 0.8450980400142568, 0, 0, 0], [0, 0, 0, 0, 0.7078488453819499, 0, 0.5440680443502757], [0, 0, 0, 0, 0.8450980400142568, 0, 0], [0, 0, 0, 0, 0.8450980400142568, 0, 0], [0, 0, 0, 0, 0, 0.8450980400142568, 0], [0, 0, 0, 0, 0, 0.5440680443502757, 0.8036544723235521], [0, 0, 0, 0, 0, 0.8450980400142568, 0], [0, 0, 0, 0, 0, 0, 1.0994978993353877], [0, 0, 0, 0, 0, 0, 0.8450980400142568], [0, 0, 0, 0, 0, 0, 0.8450980400142568], [0, 0, 0, 0, 0, 0, 0.8450980400142568]], "tfidf_norm": [[0.5034752194826289, 0.5034752194826289, 0.32413372777212757, 0.4217077024379212, 0.32413372777212757, 0.32413372777212757, 0.0, 0.0, 0.0, 0.0, 0.0, 0.0, 0.0, 0.0, 0.0, 0.0, 0.0, 0.0, 0.0, 0.0, 0.0, 0.0], [0.0, 0.0, 0.306412782904838, 0.0, 0.0, 0.0, 0.47594936875483734, 0.47594936875483734, 0.47594936875483734, 0.47594936875483734, 0.0, 0.0, 0.0, 0.0, 0.0, 0.0, 0.0, 0.0, 0.0, 0.0, 0.0, 0.0], [0.0, 0.0, 0.0, 0.6770434302818068, 0.5203903311516483, 0.5203903311516483, 0.0, 0.0, 0.0, 0.0, 0.0, 0.0, 0.0, 0.0, 0.0, 0.0, 0.0, 0.0, 0.0, 0.0, 0.0, 0.0], [0.0, 0.0, 0.0, 0.0, 0.0, 0.0, 0.0, 0.0, 0.0, 0.0, 0.7071067811865475, 0.7071067811865475, 0.0, 0.0, 0.0, 0.0, 0.0, 0.0, 0.0, 0.0, 0.0, 0.0], [0.0, 0.0, 0.0, 0.0, 0.0, 0.0, 0.0, 0.0, 0.0, 0.0, 0.0, 0.0, 0.5095958222803967, 0.6084045109605805, 0.6084045109605805, 0.0, 0.0, 0.0, 0.0, 0.0, 0.0, 0.0], [0.0, 0.0, 0.0, 0.0, 0.0, 0.0, 0.0, 0.0, 0.0, 0.0, 0.0, 0.0, 0.0, 0.0, 0.0, 0.6435601828481475, 0.41431942038108455, 0.6435601828481475, 0.0, 0.0, 0.0, 0.0], [0.0, 0.0, 0.0, 0.0, 0.0, 0.0, 0.0, 0.0, 0.0, 0.0, 0.0, 0.0, 0.2625763848534279, 0.0, 0.0, 0.0, 0.38785715905444834, 0.0, 0.5306361705293525, 0.40785852155433366, 0.40785852155433366, 0.40785852155433366]], "v": [[[0.040031246741735436, 0.040031246741735436, 0.0763238121217062, 0.13511745484229948, 0.10385421957419377, 0.10385421957419377, 0.07852213035928013, 0.07852213035928013, 0.07852213035928013, 0.07852213035928013, 0.09596245464376721, 0.09596245464376721, 0.14705935268192108, 0.11903659852118562, 0.11903659852118562, 0.060334749433013694, 0.10879221486617249, 0.060334749433013694, 0.09569899955197307, 0.07355633603446095, 0.07355633603446095, 0.07355633603446095], [0.1088811139444986, 0.1088811139444986, 0.10591836090021686, 0.17922163839111868, 0.13775365594061714, 0.13775365594061714, 0.05564132057045291, 0.05564132057045291, 0.05564132057045291, 0.05564132057045291, 0.10176972917742157, 0.10176972917742157, 0.07523405914452294, 0.05699814538265839, 0.05699814538265839, 0.12517932117102293, 0.12119969956403129, 0.12517932117102293, 0.055559669798180604, 0.042704372676531335, 0.042704372676531335, 0.042704372676531335]], [[0.05099401902546752, 0.05099401902546752, 0.08105252272854957, 0.1252331273853602, 0.09625691014252705, 0.09625691014252705, 0.07490443946221584, 0.07490443946221584, 0.07490443946221584, 0.07490443946221584, 0.10127010367919238, 0.10127010367919238, 0.13997571521309315, 0.11293857776904383, 0.11293857776904383, 0.07579989942846761, 0.11582981507160123, 0.07579989942846761, 0.09170578849395322, 0.07048706701581552, 0.07048706701581552, 0.07048706701581552], [0.09451434552489575, 0.09451434552489575, 0.09959930264370313, 0.18897153091501473, 0.14524763575383443, 0.14524763575383443, 0.06019272893947066, 0.06019272893947066, 0.06019272893947066, 0.06019272893947066, 0.09875113693877405, 0.09875113693877405, 0.08257148830327646, 0.06301879835815304, 0.06301879835815304, 0.10743800881738624, 0.11316732503537281, 0.10743800881738624, 0.06019672300012788, 0.04626851279428531, 0.04626851279428531, 0.04626851279428531]], [[0.05310197054795837, 0.05310197054795837, 0.08134333418170443, 0.12021360840321846, 0.09239879849339476, 0.09239879849339476, 0.0732482038447978, 0.0732482038447978, 0.0732482038447978, 0.0732482038447978, 0.10428607816806998, 0.10428607816806998, 0.13536385723922917, 0.10845346705723662, 0.10845346705723662, 0.0858897890856292, 0.12106244260079396, 0.0858897890856292, 0.08997761573397875, 0.06915875578107532, 0.06915875578107532, 0.06915875578107532], [0.0919959751738126, 0.0919959751738126, 0.09910379655134234, 0.19528503927184798, 0.15010033582829438, 0.15010033582829438, 0.061941432275889684, 0.061941432275889684, 0.061941432275889684, 0.061941432275889684, 0.09623683385540638, 0.09623683385540638, 0.08652785261762927, 0.06674350873811982, 0.06674350873811982, 0.09658424948755007, 0.10741546832108816, 0.09658424948755007, 0.06188733343263847, 0.047567952805772355, 0.047567952805772355, 0.047567952805772355]], [[0.05233693445974164, 0.05233693445974164, 0.08036306304563783, 0.11591756759525516, 0.08909676793123943, 0.08909676793123943, 0.07249058991823237, 0.07249058991823237, 0.07249058991823237, 0.07249058991823237, 0.10641748940604133, 0.10641748940604133, 0.1327928529891395, 0.10556463065330988, 0.10556463065330988, 0.09285338949756607, 0.12532202145048787, 0.09285338949756607, 0.0896717896327586, 0.0689236911766931, 0.0689236911766931, 0.0689236911766931], [0.09291078454619817, 0.09291078454619817, 0.10011232182410851, 0.20054999126212247, 0.15414709263468726, 0.15414709263468726, 0.06259315992064753, 0.06259315992064753, 0.06259315992064753, 0.06259315992064753, 0.09417382238280907, 0.09417382238280907, 0.08851030969464217, 0.06898155185871714, 0.06898155185871714, 0.0895032614349758, 0.10301613999051863, 0.0895032614349758, 0.06210535867266935, 0.04773553175534116, 0.04773553175534116, 0.04773553175534116]], [[0.05061162698071634, 0.05061162698071634, 0.07904764642290502, 0.11152587007045835, 0.08572121353246823, 0.08572121353246823, 0.07217266765565207, 0.07217266765565207, 0.07217266765565207, 0.07217266765565207, 0.1080837403257412, 0.1080837403257412, 0.1316851974218074, 0.1039286669680175, 0.1039286669680175, 0.09785981561009242, 0.1289330403551941, 0.09785981561009242, 0.09020250870623042, 0.0693316134192552, 0.0693316134192552, 0.0693316134192552], [0.09495372361327332, 