{"klaster": 2, "silhouette": 0.044598741472891265, "w": 2, "max_iterasi": 4, "threshold": 0.001, "partition_coefficient": [0.5936567285391375, 0.5191104616622585, 0.5078630056511466, 0.5041510963428764], "partition_entropy": [0.854340814165079, 0.9720247665286924, 0.9885877132235141, 0.993994549418769], "features": ["sebut", "nama", "allah", "maha", "murah", "sayang", "puji", "tuhan", "semesta", "alam", "kuasa", "balas", "engkau", "sembah", "tolong", "tunjuk", "jalan", "lurus", "orang", "nikmat", "murka", "sesat"], "tf": [[1, 0, 0, 0, 0, 0, 0], [1, 0, 0, 0, 0, 0, 0], [1, 1, 0, 0, 0, 0, 0], [2, 0, 2, 0, 0, 0, 0], [1, 0, 1, 0, 0, 0, 0], [1, 0, 1, 0, 0, 0, 0], [0, 1, 0, 0, 0, 0, 0], [0, 1, 0, 0, 0, 0, 0], [0, 1, 0, 0, 0, 0, 0], [0, 1, 0, 0, 0, 0, 0], [0, 0, 0, 1, 0, 0, 0], [0, 0, 0, 1, 0, 0, 0], [0, 0, 0, 0, 2, 0, 1], [0, 0, 0, 0, 1, 0, 0], [0, 0, 0, 0, 1, 0, 0], [0, 0, 0, 0, 0, 1, 0], [0, 0, 0, 0, 0, 1, 3], [0, 0, 0, 0, 0, 1, 0], [0, 0, 0, 0, 0, 0, 2], [0, 0, 0, 0, 0, 0, 1], [0, 0, 0, 0, 0, 0, 1], [0, 0, 0, 0, 0, 0, 1]], "idf": [0.8450980400142568, 0.8450980400142568, 0.5440680443502757, 0.5440680443502757, 0.5440680443502757, 0.5440680443502757, 0.8450980400142568, 0.8450980400142568, 0.8450980400142568, 0.8450980400142568, 0.8450980400142568, 0.8450980400142568, 0.5440680443502757, 0.8450980400142568, 0.8450980400142568, 0.8450980400142568, 0.5440680443502757, 0.8450980400142568, 0.8450980400142568, 0.8450980400142568, 0.8450980400142568, 0.8450980400142568], "tfidf": [[0.8450980400142568, 0, 0, 0, 0, 0, 0], [0.8450980400142568, 0, 0, 0, 0, 0, 0], [0.5440680443502757, 0.5440680443502757, 0, 0, 0, 0, 0], [0.7078488453819499, 0, 0.7078488453819499, 0, 0, 0, 0], [0.5440680443502757, 0, 0.5440680443502757, 0, 0, 0, 0], [0.5440680443502757, 0, 0.5440680443502757, 0, 0, 0, 0], [0, 0.8450980400142568, 0, 0, 0, 0, 0], [0, 0.8450980400142568, 0, 0, 0, 0, 0], [0, 0.8450980400142568, 0, 0, 0, 0, 0], [0, 0.8450980400142568, 0, 0, 0, 0, 0], [0, 0, 0, 0.8450980400142568, 0, 0, 0], [0, 0, 0, 0.8450980400142568, 0, 0, 0], [0, 0, 0, 0, 0.7078488453819499, 0, 0.5440680443502757], [0, 0, 0, 0, 0.8450980400142568, 0, 0], [0, 0, 0, 0, 0.8450980400142568, 0, 0], [0, 0, 0, 0, 0, 0.8450980400142568, 0], [0, 0, 0, 0, 0, 0.5440680443502757, 0.8036544723235521], [0, 0, 0, 0, 0, 0.8450980400142568, 0], [0, 0, 0, 0, 0, 0, 1.0994978993353877], [0, 0, 0, 0, 0, 0, 0.8450980400142568], [0, 0, 0, 0, 0, 0, 0.8450980400142568], [0, 0, 0, 0, 0, 0, 0.8450980400142568]], "tfidf_norm": [[0.5034752194826289, 0.5034752194826289, 0.32413372777212757, 0.4217077024379212, 0.32413372777212757, 0.32413372777212757, 0.0, 0.0, 0.0, 0.0, 0.0, 0.0, 0.0, 0.0, 0.0, 0.0, 0.0, 0.0, 0.0, 0.0, 0.0, 0.0], [0.0, 0.0, 0.306412782904838, 0.0, 0.0, 0.0, 0.47594936875483734, 0.47594936875483734, 0.47594936875483734, 0.47594936875483734, 0.0, 0.0, 0.0, 0.0, 0.0, 0.0, 0.0, 0.0, 0.0, 0.0, 0.0, 0.0], [0.0, 0.0, 0.0, 0.6770434302818068, 0.5203903311516483, 0.5203903311516483, 0.0, 0.0, 0.0, 0.0, 0.0, 0.0, 0.0, 0.0, 0.0, 0.0, 0.0, 0.0, 0.0, 0.0, 0.0, 0.0], [0.0, 0.0, 0.0, 0.0, 0.0, 0.0, 0.0, 0.0, 0.0, 0.0, 0.7071067811865475, 0.7071067811865475, 0.0, 0.0, 0.0, 0.0, 0.0, 0.0, 0.0, 0.0, 0.0, 0.0], [0.0, 0.0, 0.0, 0.0, 0.0, 0.0, 0.0, 0.0, 0.0, 0.0, 0.0, 0.0, 0.5095958222803967, 0.6084045109605805, 0.6084045109605805, 0.0, 0.0, 0.0, 0.0, 0.0, 0.0, 0.0], [0.0, 0.0, 0.0, 0.0, 0.0, 0.0, 0.0, 0.0, 0.0, 0.0, 0.0, 0.0, 0.0, 0.0, 0.0, 0.6435601828481475, 0.41431942038108455, 0.6435601828481475, 0.0, 0.0, 0.0, 0.0], [0.0, 0.0, 0.0, 0.0, 0.0, 0.0, 0.0, 0.0, 0.0, 0.0, 0.0, 0.0, 0.2625763848534279, 0.0, 0.0, 0.0, 0.38785715905444834, 0.0, 0.5306361705293525, 0.40785852155433366, 0.40785852155433366, 0.40785852155433366]], "v": [[[0.024614995950177545, 0.024614995950177545, 0.045020665292251065, 0.16433884311132957, 0.12631441523948814, 0.12631441523948814, 0.04531536734483037, 0.04531536734483037, 0.04531536734483037, 0.04531536734483037, 0.10059204234738517, 0.10059204234738517, 0.191397797779344, 0.17113895515846175, 0.17113895515846175, 0.023854143111428708, 0.08633705148912216, 0.023854143111428708, 0.09710924504963185, 0.07464028144875484, 0.07464028144875484, 0.07464028144875484], [0.14483974969435176, 0.14483974969435176, 0.14550555691378778, 0.14793484244018565, 0.11370594293230499, 0.11370594293230499, 0.08117326877996628, 0.08117326877996628, 0.08117326877996628, 0.08117326877996628, 0.07068849419508284, 0.07068849419508284, 0.020830292128402008, 0.006088681947915853, 0.006088681947915853, 0.2140290871027454, 0.16102617024330762, 0.2140290871027454, 0.03178940031633715, 0.024434025673722777, 0.024434025673722777, 0.024434025673722777]], [[0.04806037805978894, 0.04806037805978894, 0.06591835054984879, 0.14302584337912166, 0.10993277930239294, 0.10993277930239294, 0.05433025015138566, 0.05433025015138566, 0.05433025015138566, 0.05433025015138566, 0.108272742656744, 0.108272742656744, 0.16984553879907155, 0.14688069920106744, 0.14688069920106744, 0.04231457252034364, 0.09639942594028716, 0.04231457252034364, 0.09461609141212338, 0.07272398924502582, 0.07272398924502582, 0.07272398924502582], [0.09495450166966136, 0.09495450166966136, 0.11133193343691085, 0.1633848070400372, 0.12558112232966132, 0.12558112232966132, 0.07797680667594958, 0.07797680667594958, 0.07797680667594958, 0.07797680667594958, 0.08671309619372665, 0.08671309619372665, 0.05799728067696894, 0.03742722872809863, 0.03742722872809863, 0.1532199488535767, 0.1380049194940089, 0.1532199488535767, 0.05385343662805122, 0.0413929246885404, 0.0413929246885404, 0.0413929246885404]], [[0.05705352383785685, 0.05705352383785685, 0.07503555366957027, 0.13730148014878993, 0.10553290900777276, 0.10553290900777276, 0.05949880816551469, 0.05949880816551469, 0.05949880816551469, 0.05949880816551469, 0.10787314994277619, 0.10787314994277619, 0.15288289955508505, 0.12945527140260982, 0.12945527140260982, 0.0610297378128371, 0.10495145916694427, 0.0610297378128371, 0.08983223751960116, 0.06904701491817276, 0.06904701491817276, 0.06904701491817276], [0.0859521979846974, 0.0859521979846974, 0.10347096798928734, 0.17306512170182048, 0.133021623082177, 0.133021623082177, 0.07476871395665532, 0.07476871395665532, 0.07476871395665532, 0.07476871395665532, 0.09142487152736782, 0.09142487152736782, 0.07280910940506041, 0.0509333310244979, 0.0509333310244979, 0.12554471814421975, 0.12535655009607902, 0.12554471814421975, 0.06092491412984944, 0.04682821636157311, 0.04682821636157311, 0.04682821636157311]], [[0.059026459231541976, 0.059026459231541976, 0.07856721386687424, 0.1339339830707311, 0.1029445773864559, 0.1029445773864559, 0.06301158203509305, 0.06301158203509305, 0.06301158203509305, 0.06301158203509305, 0.10734067699327159, 0.10734067699327159, 0.14193665816926912, 0.11784907127260869, 0.11784907127260869, 0.07429355149213708, 0.11168119178656397, 0.07429355149213708, 0.08735673543704425, 0.06714429008415114, 0.06714429008415114, 0.06714429008415114], [0.08468835791311785, 0.08468835791311785, 0.10085400640059188, 0.17891231571317753, 0.1375159037911878, 0.1375159037911878, 0.07196764131673715, 0.07196764131673715, 0.07196764131673715, 0.07196764131673715, 0.09333365645347787, 0.09333365645347787, 0.08167513017723106, 0.05969475659421979, 0.05969475659421979, 0.10963468582126083, 0.11737009629911638, 0.10963468582126083, 0.06401182389310106, 0.04920088245961815, 0.04920088245961815, 0.04920088245961815]]],