{"klaster": 2, "silhouette": 0.08043307107001432, "w": 3, "max_iterasi": 100, "threshold": 0.001, "partition_coefficient": [0.4173768603675426, 0.25909325137834854, 0.2522515800343132, 0.2506716671770126, 0.25025752515565425, 0.2501303957902542], "partition_entropy": [0.8129524812239347, 0.9912135159514383, 0.9978320802638341, 0.9993537992648001, 0.9997522872815187, 0.9998745789037093], "features": ["sebut", "nama", "allah", "maha", "murah", "sayang", "puji", "tuhan", "semesta", "alam", "kuasa", "balas", "engkau", "sembah", "tolong", "tunjuk", "jalan", "lurus", "orang", "nikmat", "murka", "sesat"], "tf": [[1, 0, 0, 0, 0, 0, 0], [1, 0, 0, 0, 0, 0, 0], [1, 1, 0, 0, 0, 0, 0], [2, 0, 2, 0, 0, 0, 0], [1, 0, 1, 0, 0, 0, 0], [1, 0, 1, 0, 0, 0, 0], [0, 1, 0, 0, 0, 0, 0], [0, 1, 0, 0, 0, 0, 0], [0, 1, 0, 0, 0, 0, 0], [0, 1, 0, 0, 0, 0, 0], [0, 0, 0, 1, 0, 0, 0], [0, 0, 0, 1, 0, 0, 0], [0, 0, 0, 0, 2, 0, 1], [0, 0, 0, 0, 1, 0, 0], [0, 0, 0, 0, 1, 0, 0], [0, 0, 0, 0, 0, 1, 0], [0, 0, 0, 0, 0, 1, 3], [0, 0, 0, 0, 0, 1, 0], [0, 0, 0, 0, 0, 0, 2], [0, 0, 0, 0, 0, 0, 1], [0, 0, 0, 0, 0, 0, 1], [0, 0, 0, 0, 0, 0, 1]], "idf": [0.8450980400142568, 0.8450980400142568, 0.5440680443502757, 0.5440680443502757, 0.5440680443502757, 0.5440680443502757, 0.8450980400142568, 0.8450980400142568, 0.8450980400142568, 0.8450980400142568, 0.8450980400142568, 0.8450980400142568, 0.5440680443502757, 0.8450980400142568, 0.8450980400142568, 0.8450980400142568, 0.5440680443502757, 0.8450980400142568, 0.8450980400142568, 0.8450980400142568, 0.8450980400142568, 0.8450980400142568], "tfidf": [[0.8450980400142568, 0, 0, 0, 0, 0, 0], [0.8450980400142568, 0, 0, 0, 0, 0, 0], [0.5440680443502757, 0.5440680443502757, 0, 0, 0, 0, 0], [0.7078488453819499, 0, 0.7078488453819499, 0, 0, 0, 0], [0.5440680443502757, 0, 0.5440680443502757, 0, 0, 0, 0], [0.5440680443502757, 0, 0.5440680443502757, 0, 0, 0, 0], [0, 0.8450980400142568, 0, 0, 0, 0, 0], [0, 0.8450980400142568, 0, 0, 0, 0, 0], [0, 0.8450980400142568, 0, 0, 0, 0, 0], [0, 0.8450980400142568, 0, 0, 0, 0, 0], [0, 0, 0, 0.8450980400142568, 0, 0, 0], [0, 0, 0, 0.8450980400142568, 0, 0, 0], [0, 0, 0, 0, 0.7078488453819499, 0, 0.5440680443502757], [0, 0, 0, 0, 0.8450980400142568, 0, 0], [0, 0, 0, 0, 0.8450980400142568, 0, 0], [0, 0, 0, 0, 0, 0.8450980400142568, 0], [0, 0, 0, 0, 0, 0.5440680443502757, 0.8036544723235521], [0, 0, 0, 0, 0, 0.8450980400142568, 0], [0, 0, 0, 0, 0, 0, 1.0994978993353877], [0, 0, 0, 0, 0, 0, 0.8450980400142568], [0, 0, 0, 0, 0, 0, 0.8450980400142568], [0, 0, 0, 0, 0, 0, 0.8450980400142568]], "tfidf_norm": [[0.5034752194826289, 0.5034752194826289, 0.32413372777212757, 0.4217077024379212, 0.32413372777212757, 0.32413372777212757, 0.0, 0.0, 0.0, 0.0, 0.0, 0.0, 0.0, 0.0, 0.0, 0.0, 0.0, 0.0, 0.0, 0.0, 0.0, 0.0], [0.0, 0.0, 0.306412782904838, 0.0, 0.0, 0.0, 0.47594936875483734, 0.47594936875483734, 0.47594936875483734, 0.47594936875483734, 0.0, 0.0, 0.0, 0.0, 0.0, 0.0, 0.0, 0.0, 0.0, 0.0, 0.0, 0.0], [0.0, 0.0, 0.0, 0.6770434302818068, 0.5203903311516483, 0.5203903311516483, 0.0, 0.0, 0.0, 0.0, 0.0, 0.0, 0.0, 0.0, 0.0, 0.0, 0.0, 0.0, 0.0, 0.0, 0.0, 0.0], [0.0, 0.0, 0.0, 0.0, 0.0, 0.0, 0.0, 0.0, 0.0, 0.0, 0.7071067811865475, 0.7071067811865475, 0.0, 0.0, 0.0, 0.0, 0.0, 0.0, 0.0, 0.0, 0.0, 0.0], [0.0, 0.0, 0.0, 0.0, 0.0, 0.0, 0.0, 0.0, 0.0, 0.0, 0.0, 0.0, 0.5095958222803967, 0.6084045109605805, 0.6084045109605805, 0.0, 0.0, 0.0, 0.0, 0.0, 0.0, 0.0], [0.0, 0.0, 0.0, 0.0, 0.0, 0.0, 0.0, 0.0, 0.0, 0.0, 0.0, 0.0, 0.0, 0.0, 0.0, 0.6435601828481475, 0.41431942038108455, 0.6435601828481475, 0.0, 0.0, 0.0, 0.0], [0.0, 0.0, 0.0, 0.0, 0.0, 0.0, 0.0, 0.0, 0.0, 0.0, 0.0, 0.0, 0.2625763848534279, 0.0, 0.0, 0.0, 0.38785715905444834, 0.0, 0.5306361705293525, 0.40785852155433366, 0.40785852155433366, 0.40785852155433366]], "v": [[[0.07495844854829795, 0.07495844854829795, 0.11500791365725344, 0.10593325956045792, 0.08142261124917019, 0.08142261124917019, 0.10368274059549984, 0.10368274059549984, 0.10368274059549984, 0.10368274059549984, 0.0438161974610018, 0.0438161974610018, 0.20100865640988436, 0.21106382842408886, 0.21106382842408886, 0.0440278875089621, 0.06412501370383358, 0.0440278875089621, 0.048951670001475885, 0.03762532006534822, 0.03762532006534822, 0.03762532006534822], [0.029213666422864267, 0.029213666422864267, 0.02352083529060805, 0.20133867147296636, 0.1547532894275916, 0.1547532894275916, 0.007321123682900107, 0.007321123682900107, 0.007321123682900107, 0.007321123682900107, 0.19102515136159065, 0.19102515136159065, 0.04098275627666574, 9.45743911183506e-05, 9.45743911183506e-05, 0.15398612381306734, 0.15955465012731565, 0.15398612381306734, 0.08266127419932946, 0.06353525627757971, 0.06353525627757971, 0.06353525627757971]], [[0.06866986948819435, 0.06866986948819435, 0.10203733720154948, 0.12898698847742898, 0.09914220956266301, 0.09914220956266301, 0.0898241912690051, 0.0898241912690051, 0.0898241912690051, 0.0898241912690051, 0.06837725909774539, 0.06837725909774539, 0.15734942019456774, 0.1473472008289204, 0.1473472008289204, 0.06513213884636988, 0.0920537600919677, 0.06513213884636988, 0.06857325936113923, 0.0527069011396181, 0.0527069011396181, 0.0527069011396181], [0.07013989506075684, 0.07013989506075684, 0.07485770608651476, 0.178072162774032, 0.13687014393788272, 0.13687014393788272, 0.04613618722454691, 0.04613618722454691, 0.04613618722454691, 0.04613618722454691, 0.13394973167383156, 0.13394973167383156, 0.07355427290354324, 0.04177641329903461, 0.04177641329903461, 0.11748191961957846, 0.13259566604741946, 0.11748191961957846, 0.07793052522070205, 0.05989909954453447, 0.05989909954453447, 0.05989909954453447]], [[0.06655165676915768, 0.06655165676915768, 0.09385740122857462, 0.13918284644456405, 0.10697896813173169, 0.10697896813173169, 0.07923655233954353, 0.07923655233954353, 0.07923655233954353, 0.07923655233954353, 0.0864822187088019, 0.0864822187088019, 0.13456478534468586, 0.11639379710711406, 0.11639379710711406, 0.07934169138759832, 0.10584250321878785, 0.07934169138759832, 0.0749223545487251, 0.05758695402751913, 0.05758695402751913, 0.05758695402751913], [0.07621209876481945, 0.07621209876481945, 0.08565104411084219, 0.1732206353695627, 0.13314115427535508, 0.13314115427535508, 0.05682921886979291, 0.05682921886979291, 0.05682921886979291, 0.05682921886979291, 0.1150365623593155, 0.1150365623593155, 0.08899824605196333, 0.06174732645897433, 0.06174732645897433, 0.10394206837260833, 0.12198286423057629, 0.10394206837260833, 0.07533664277039522, 0.05790538498072609, 0.05790538498072609, 0.05790538498072609]], [[0.06678396729781003, 0.06678396729781003, 0.09061241617445914, 0.1437586495781667, 0.1104960301125105, 0.1104960301125105, 0.07396382354412195, 0.07396382354412195, 0.07396382354412195, 0.07396382354412195, 0.09511338585161673, 0.09511338585161673, 0.12368434981515682, 0.10209595085447562, 0.10209595085447562, 0.08659365587694536, 0.11212923249522759, 0.08659365587694536, 0.07713593140776656, 0.05928835742822378, 0.05928835742822378, 0.05928835742822378], [0.07690470115732544, 0.07690470115732544, 0.0894423946034952, 0.17003934033435741, 0.13069594160092962, 0.13069594160092962, 0.0620257013144132, 0.0620257013144132, 0.0620257013144132, 0.0620257013144132, 0.10657771493543157, 0.10657771493543157, 0.09776011331689782, 0.0729422236546516, 0.0729422236546516, 0.09696966633608428, 0.11658578708763012, 0.09696966633608428, 0.07409398403517949, 0.05695025040323193, 0.05695025040323193, 0.05695025040323193]], [[0.06740354663505568, 0.06740354663505568, 0.08928842848925897, 0.14640948213043192, 0.11253351776544687, 0.11253351776544687, 0.07128770107888965, 0.07128770107888965, 0.07128770107888965, 0.07128770107888965, 0.09907940873776579, 0.09907940873776579, 0.11827814856720338, 0.09525919374695163, 0.09525919374695163, 0.09023114574130685, 0.11494403177873844, 0.09023114574130685, 0.07778306636016771, 0.059785759451665144, 0.059785759451665144, 0.059785759451665144], [0.07647976815596093, 