{"klaster": 2, "silhouette": 0.08043307107001432, "w": 2, "max_iterasi": 100, "threshold": 0.01, "partition_coefficient": [0.7397207428174972, 0.5447121800118614, 0.5265952639370054, 0.5232131219468634, 0.5235879066125668], "partition_entropy": [0.570435790563947, 0.9340853975428148, 0.9611303266430357, 0.9660380728750761, 0.9654250905220645], "features": ["sebut", "nama", "allah", "maha", "murah", "sayang", "puji", "tuhan", "semesta", "alam", "kuasa", "balas", "engkau", "sembah", "tolong", "tunjuk", "jalan", "lurus", "orang", "nikmat", "murka", "sesat"], "tf": [[1, 0, 0, 0, 0, 0, 0], [1, 0, 0, 0, 0, 0, 0], [1, 1, 0, 0, 0, 0, 0], [2, 0, 2, 0, 0, 0, 0], [1, 0, 1, 0, 0, 0, 0], [1, 0, 1, 0, 0, 0, 0], [0, 1, 0, 0, 0, 0, 0], [0, 1, 0, 0, 0, 0, 0], [0, 1, 0, 0, 0, 0, 0], [0, 1, 0, 0, 0, 0, 0], [0, 0, 0, 1, 0, 0, 0], [0, 0, 0, 1, 0, 0, 0], [0, 0, 0, 0, 2, 0, 1], [0, 0, 0, 0, 1, 0, 0], [0, 0, 0, 0, 1, 0, 0], [0, 0, 0, 0, 0, 1, 0], [0, 0, 0, 0, 0, 1, 3], [0, 0, 0, 0, 0, 1, 0], [0, 0, 0, 0, 0, 0, 2], [0, 0, 0, 0, 0, 0, 1], [0, 0, 0, 0, 0, 0, 1], [0, 0, 0, 0, 0, 0, 1]], "idf": [0.8450980400142568, 0.8450980400142568, 0.5440680443502757, 0.5440680443502757, 0.5440680443502757, 0.5440680443502757, 0.8450980400142568, 0.8450980400142568, 0.8450980400142568, 0.8450980400142568, 0.8450980400142568, 0.8450980400142568, 0.5440680443502757, 0.8450980400142568, 0.8450980400142568, 0.8450980400142568, 0.5440680443502757, 0.8450980400142568, 0.8450980400142568, 0.8450980400142568, 0.8450980400142568, 0.8450980400142568], "tfidf": [[0.8450980400142568, 0, 0, 0, 0, 0, 0], [0.8450980400142568, 0, 0, 0, 0, 0, 0], [0.5440680443502757, 0.5440680443502757, 0, 0, 0, 0, 0], [0.7078488453819499, 0, 0.7078488453819499, 0, 0, 0, 0], [0.5440680443502757, 0, 0.5440680443502757, 0, 0, 0, 0], [0.5440680443502757, 0, 0.5440680443502757, 0, 0, 0, 0], [0, 0.8450980400142568, 0, 0, 0, 0, 0], [0, 0.8450980400142568, 0, 0, 0, 0, 0], [0, 0.8450980400142568, 0, 0, 0, 0, 0], [0, 0.8450980400142568, 0, 0, 0, 0, 0], [0, 0, 0, 0.8450980400142568, 0, 0, 0], [0, 0, 0, 0.8450980400142568, 0, 0, 0], [0, 0, 0, 0, 0.7078488453819499, 0, 0.5440680443502757], [0, 0, 0, 0, 0.8450980400142568, 0, 0], [0, 0, 0, 0, 0.8450980400142568, 0, 0], [0, 0, 0, 0, 0, 0.8450980400142568, 0], [0, 0, 0, 0, 0, 0.5440680443502757, 0.8036544723235521], [0, 0, 0, 0, 0, 0.8450980400142568, 0], [0, 0, 0, 0, 0, 0, 1.0994978993353877], [0, 0, 0, 0, 0, 0, 0.8450980400142568], [0, 0, 0, 0, 0, 0, 0.8450980400142568], [0, 0, 0, 0, 0, 0, 0.8450980400142568]], "tfidf_norm": [[0.5034752194826289, 0.5034752194826289, 0.32413372777212757, 0.4217077024379212, 0.32413372777212757, 0.32413372777212757, 0.0, 0.0, 0.0, 0.0, 0.0, 0.0, 0.0, 0.0, 0.0, 0.0, 0.0, 0.0, 0.0, 0.0, 0.0, 0.0], [0.0, 0.0, 0.306412782904838, 0.0, 0.0, 0.0, 0.47594936875483734, 0.47594936875483734, 0.47594936875483734, 0.47594936875483734, 0.0, 0.0, 0.0, 0.0, 0.0, 0.0, 0.0, 0.0, 0.0, 0.0, 0.0, 0.0], [0.0, 0.0, 0.0, 0.6770434302818068, 0.5203903311516483, 0.5203903311516483, 0.0, 0.0, 0.0, 0.0, 0.0, 0.0, 0.0, 0.0, 0.0, 0.0, 0.0, 0.0, 0.0, 0.0, 0.0, 0.0], [0.0, 0.0, 0.0, 0.0, 0.0, 0.0, 0.0, 0.0, 0.0, 0.0, 0.7071067811865475, 0.7071067811865475, 0.0, 0.0, 0.0, 0.0, 0.0, 0.0, 0.0, 0.0, 0.0, 0.0], [0.0, 0.0, 0.0, 0.0, 0.0, 0.0, 0.0, 0.0, 0.0, 0.0, 0.0, 0.0, 0.5095958222803967, 0.6084045109605805, 0.6084045109605805, 0.0, 0.0, 0.0, 0.0, 0.0, 0.0, 0.0], [0.0, 0.0, 0.0, 0.0, 0.0, 0.0, 0.0, 0.0, 0.0, 0.0, 0.0, 0.0, 0.0, 0.0, 0.0, 0.6435601828481475, 0.41431942038108455, 0.6435601828481475, 0.0, 0.0, 0.0, 0.0], [0.0, 0.0, 0.0, 0.0, 0.0, 0.0, 0.0, 0.0, 0.0, 0.0, 0.0, 0.0, 0.2625763848534279, 0.0, 0.0, 0.0, 0.38785715905444834, 0.0, 0.5306361705293525, 0.40785852155433366, 0.40785852155433366, 0.40785852155433366]], "v": [[[3.20098658220117e-06, 3.20098658220117e-06, 0.0751874200668302, 0.07147502733930208, 0.054937263227989426, 0.054937263227989426, 0.11678502429521496, 0.11678502429521496, 0.11678502429521496, 0.11678502429521496, 0.0001506221710993276, 0.0001506221710993276, 0.19440572506081938, 0.20130746358361779, 0.20130746358361779, 0.1414150877027852, 0.12913970635196928, 0.1414150877027852, 0.05212231219676589, 0.040062344734923074, 0.040062344734923074, 0.040062344734923074], [0.20037481884911854, 0.20037481884911854, 0.13335286727966472, 0.22721214704690365, 0.17464020645499861, 0.17464020645499861, 0.0067614905492904285, 0.0067614905492904285, 0.0067614905492904285, 0.0067614905492904285, 0.2703445781929417, 0.2703445781929417, 0.025593301234077857, 0.0008003054336273841, 0.0008003054336273841, 0.013867909025113173, 0.045742309463368255, 0.013867909025113173, 0.050366408908800515, 0.03871271921220848, 0.03871271921220848, 0.03871271921220848]], [[0.023220574127294225, 0.023220574127294225, 0.0760299556679884, 0.07520967580186302, 0.05780779540250317, 0.05780779540250317, 0.09487635728524312, 0.09487635728524312, 0.09487635728524312, 0.09487635728524312, 0.03830787072092872, 0.03830787072092872, 0.17263255848596276, 0.15453565946246064, 0.15453565946246064, 0.12839038677149187, 0.14646025483267655, 0.12839038677149187, 0.08729094145085246, 0.06709371939292107, 0.06709371939292107, 0.06709371939292107], [0.13223432295160845, 0.13223432295160845, 0.10848984033365633, 0.24112497925879195, 0.18533391240970867, 0.18533391240970867, 0.03628237708160528, 0.03628237708160528, 0.03628237708160528, 0.03628237708160528, 0.1726471437177526, 0.1726471437177526, 0.05061362581956926, 0.028763685267889205, 0.028763685267889205, 0.04899512938838586, 0.07071795088969449, 0.04899512938838586, 0.053596532048256616, 0.04119546223137124, 0.04119546223137124, 0.04119546223137124]], [[0.030293646107787515, 0.030293646107787515, 0.07424755291176452, 0.073068126260052, 0.056161753767069486, 0.056161753767069486, 0.08503468845102423, 0.08503468845102423, 0.08503468845102423, 0.08503468845102423, 0.06643074254872708, 0.06643074254872708, 0.16161237709608023, 0.13521873372213122, 0.13521873372213122, 0.12251568876396338, 0.15029945495628558, 0.12251568876396338, 0.09771779896388988, 0.07510802924572048, 0.07510802924572048, 0.07510802924572048], [0.12030384338722735, 0.12030384338722735, 0.10786584253130618, 0.24976037685803043, 0.19197126714251125, 0.19197126714251125, 0.04724360413204933, 0.04724360413204933, 0.04724360413204933, 0.04724360413204933, 0.13005157539874035, 0.13005157539874035, 0.061441833538792935, 0.04347201777380958, 0.04347201777380958, 0.058581404643306745, 0.07468654763363577, 0.058581404643306745, 0.05058258741053991, 0.03887887871849186, 0.03887887871849186, 0.03887887871849186]], [[0.031110566921817077, 0.031110566921817077, 0.07136737531548758, 0.07020042305232448, 0.05395757460341846, 0.05395757460341846, 0.07974400288131354, 0.07974400288131354, 0.07974400288131354, 0.07974400288131354, 0.08570574498566032, 0.08570574498566032, 0.15508014762363756, 0.12466945887320943, 0.12466945887320943, 0.11997124816834423, 0.15206432083277469, 0.11997124816834423, 0.10237346354414509, 0.07868647447432504, 0.07868647447432504, 0.07868647447432504], [0.11960755740359792, 0.11960755740359792, 0.11051395554709587, 0.25670307625275574, 0.1973075771567797, 0.1973075771567797, 0.052053190175513415, 0.052053190175513415, 0.052053190175513415, 0.052053190175513415, 0.10774126231756273, 0.10774126231756273, 0.06627759941564701, 0.05062187997675272, 0.05062187997675272, 0.061382420609281015, 0.07478682766934518, 0.061382420609281015, 0.04825268283925087, 0.037088063303740426, 0.037088063303740426, 0.037088063303740426]], [[0.030030804947291417, 0.030030804947291417, 0.06884168802410039, 0.06686626232745298, 0.05139486602945519, 0.05139486602945519, 0.07690062803167745, 0.07690062803167745, 0.07690062803167745, 0.07690062803167745, 0.09816425625992069, 0.09816425625992069, 0.15147631611573203, 0.1189403123398409, 0.1189403123398409, 0.11929849621906538, 0.15339616975352863, 0.11929849621906538, 0.10478814777469, 0.08054245338226143, 0.08054245338226143, 0.08054245338226143], [0.12152798446085789, 